RAD_ISO,ISO_ISO,ISO_CAN,CAN_CAN,CAN_RAD,RAD_LAB,LAB_CAN,CAN_LAB,LAB_LAB,CAN_URL,URL_LAB,LAB_MEI,MEI_CAN,URL_CAN,LAB_ISO,LAB_URL,LAB_RAD,CAN_ALA,ALA_LAB,LAB_PNE,PNE_ISO,ISO_LAB,CAN_ISO,RAD_ALA,ALA_CAN,LAB_NER,NER_LAB,CAN_NER,NER_CAN,RAD_ANE,ANE_OPE
RAD_ISO,ISO_ISO,ISO_CAN,CAN_CAN,CAN_RAD,RAD_LAB,LAB_CAN,CAN_LAB,LAB_LAB,CAN_URL,URL_LAB,LAB_MEI,MEI_CAN,URL_CAN,LAB_ISO,LAB_URL,LAB_RAD,CAN_ALA,ALA_LAB,LAB_PNE,PNE_ISO,ISO_LAB,CAN_ISO,RAD_ALA,ALA_CAN,LAB_NER,NER_LAB,CAN_NER,NER_CAN,RAD_ANE,ANE_OPE
RAD_ISO,ISO_ISO,ISO_CAN,CAN_CAN,CAN_RAD,RAD_LAB,LAB_CAN,CAN_LAB,LAB_LAB,CAN_URL,URL_LAB,LAB_MEI,MEI_CAN,URL_CAN,LAB_ISO,LAB_URL,LAB_RAD,CAN_ALA,ALA_LAB,LAB_PNE,PNE_ISO,ISO_LAB,CAN_ISO,RAD_ALA,ALA_CAN,LAB_NER,NER_LAB,CAN_NER,NER_CAN,RAD_ANE,ANE_OPE
RAD_ISO,ISO_ISO,ISO_CAN,CAN_CAN,CAN_RAD,RAD_LAB,LAB_CAN,CAN_LAB,LAB_LAB,CAN_URL,URL_LAB,LAB_MEI,MEI_CAN,URL_CAN,LAB_ISO,LAB_URL,LAB_RAD,CAN_ALA,ALA_LAB,LAB_PNE,PNE_ISO,ISO_LAB,CAN_ISO,RAD_ALA,ALA_CAN,LAB_NER,NER_LAB,CAN_NER,NER_CAN,RAD_ANE,ANE_OPE
RAD_ISO,ISO_ISO,ISO_CAN,CAN_CAN,CAN_RAD,RAD_LAB,LAB_CAN,CAN_LAB,LAB_LAB,CAN_URL,URL_LAB,LAB_MEI,MEI_CAN,URL_CAN,LAB_ISO,LAB_URL,LAB_RAD,CAN_ALA,ALA_LAB,LAB_PNE,PNE_ISO,ISO_LAB,CAN_ISO,RAD_ALA,ALA_CAN,LAB_NER,NER_LAB,CAN_NER,NER_CAN,RAD_ANE,ANE_OPE
RAD_ISO,ISO_ISO,ISO_CAN,CAN_CAN,CAN_RAD,RAD_LAB,LAB_CAN,CAN_LAB,LAB_LAB,CAN_URL,URL_LAB,LAB_MEI,MEI_CAN,URL_CAN,LAB_ISO,LAB_URL,LAB_RAD,CAN_ALA,ALA_LAB,LAB_PNE,PNE_ISO,ISO_LAB,CAN_ISO,RAD_ALA,ALA_CAN,LAB_NER,NER_LAB,CAN_NER,NER_CAN,RAD_ANE,ANE_OPE
RAD_ISO,ISO_ISO,ISO_CAN,CAN_CAN,CAN_RAD,RAD_LAB,LAB_CAN,CAN_LAB,LAB_LAB,CAN_URL,URL_LAB,LAB_MEI,MEI_CAN,URL_CAN,LAB_ISO,LAB_URL,LAB_RAD,CAN_ALA,ALA_LAB,LAB_PNE,PNE_ISO,ISO_LAB,CAN_ISO,RAD_ALA,ALA_CAN,LAB_NER,NER_LAB,CAN_NER,NER_CAN,RAD_ANE,ANE_OPE
RAD_ISO,ISO_ISO,ISO_CAN,CAN_CAN,CAN_RAD,RAD_LAB,LAB_CAN,CAN_LAB,LAB_LAB,CAN_URL,URL_LAB,LAB_MEI,MEI_CAN,URL_CAN,LAB_ISO,LAB_URL,LAB_RAD,CAN_ALA,ALA_LAB,LAB_PNE,PNE_ISO,ISO_LAB,CAN_ISO,RAD_ALA,ALA_CAN,LAB_NER,NER_LAB,CAN_NER,NER_CAN,RAD_ANE,ANE_OPE
RAD_ISO,ISO_ISO,ISO_CAN,CAN_CAN,CAN_RAD,RAD_LAB,LAB_CAN,CAN_LAB,LAB_LAB,CAN_URL,URL_LAB,LAB_MEI,MEI_CAN,URL_CAN,LAB_ISO,LAB_URL,LAB_RAD,CAN_ALA,ALA_LAB,LAB_PNE,PNE_ISO,ISO_LAB,CAN_ISO,RAD_ALA,ALA_CAN,LAB_NER,NER_LAB,CAN_NER,NER_CAN,RAD_ANE,ANE_OPE
RAD_ISO,ISO_ISO,ISO_CAN,CAN_CAN,CAN_RAD,RAD_LAB,LAB_CAN,CAN_LAB,LAB_LAB,CAN_URL,URL_LAB,LAB_MEI,MEI_CAN,URL_CAN,LAB_ISO,LAB_URL,LAB_RAD,CAN_ALA,ALA_LAB,LAB_PNE,PNE_ISO,ISO_LAB,CAN_ISO,RAD_ALA,ALA_CAN,LAB_NER,NER_LAB,CAN_NER,NER_CAN,RAD_ANE,ANE_OPE
RAD_ISO,ISO_ISO,ISO_CAN,CAN_CAN,CAN_RAD,RAD_LAB,LAB_CAN,CAN_LAB,LAB_LAB,CAN_URL,URL_LAB,LAB_MEI,MEI_CAN,URL_CAN,LAB_ISO,LAB_URL,LAB_RAD,CAN_ALA,ALA_LAB,LAB_PNE,PNE_ISO,ISO_LAB,CAN_ISO,RAD_ALA,ALA_CAN,LAB_NER,NER_LAB,CAN_NER,NER_CAN,RAD_ANE,ANE_OPE
RAD_ISO,ISO_ISO,ISO_CAN,CAN_CAN,CAN_RAD,RAD_LAB,LAB_CAN,CAN_LAB,LAB_LAB,CAN_URL,URL_LAB,LAB_MEI,MEI_CAN,URL_CAN,LAB_ISO,LAB_URL,LAB_RAD,CAN_ALA,ALA_LAB,LAB_PNE,PNE_ISO,ISO_LAB,CAN_ISO,RAD_ALA,ALA_CAN,LAB_NER,NER_LAB,CAN_NER,NER_CAN,RAD_ANE,ANE_OPE
RAD_ISO,ISO_ISO,ISO_CAN,CAN_CAN,CAN_RAD,RAD_LAB,LAB_CAN,CAN_LAB,LAB_LAB,CAN_URL,URL_LAB,LAB_MEI,MEI_CAN,URL_CAN,LAB_ISO,LAB_URL,LAB_RAD,CAN_ALA,ALA_LAB,LAB_PNE,PNE_ISO,ISO_LAB,CAN_ISO,RAD_ALA,ALA_CAN,LAB_NER,NER_LAB,CAN_NER,NER_CAN,RAD_ANE,ANE_OPE
RAD_ISO,ISO_ISO,ISO_CAN,CAN_CAN,CAN_RAD,RAD_LAB,LAB_CAN,CAN_LAB,LAB_LAB,CAN_URL,URL_LAB,LAB_MEI,MEI_CAN,URL_CAN,LAB_ISO,LAB_URL,LAB_RAD,CAN_ALA,ALA_LAB,LAB_PNE,PNE_ISO,ISO_LAB,CAN_ISO,RAD_ALA,ALA_CAN,LAB_NER,NER_LAB,CAN_NER,NER_CAN,RAD_ANE,ANE_OPE
RAD_ISO,ISO_ISO,ISO_CAN,CAN_CAN,CAN_RAD,RAD_LAB,LAB_CAN,CAN_LAB,LAB_LAB,CAN_URL,URL_LAB,LAB_MEI,MEI_CAN,URL_CAN,LAB_ISO,LAB_URL,LAB_RAD,CAN_ALA,ALA_LAB,LAB_PNE,PNE_ISO,ISO_LAB,CAN_ISO,RAD_ALA,ALA_CAN,LAB_NER,NER_LAB,CAN_NER,NER_CAN,RAD_ANE,ANE_OPE
RAD_ISO,ISO_ISO,ISO_CAN,CAN_CAN,CAN_RAD,RAD_LAB,LAB_CAN,CAN_LAB,LAB_LAB,CAN_URL,URL_LAB,LAB_MEI,MEI_CAN,URL_CAN,LAB_ISO,LAB_URL,LAB_RAD,CAN_ALA,ALA_LAB,LAB_PNE,PNE_ISO,ISO_LAB,CAN_ISO,RAD_ALA,ALA_CAN,LAB_NER,NER_LAB,CAN_NER,NER_CAN,RAD_ANE,ANE_OPE
RAD_ISO,ISO_ISO,ISO_CAN,CAN_CAN,CAN_RAD,RAD_LAB,LAB_CAN,CAN_LAB,LAB_LAB,CAN_URL,URL_LAB,LAB_MEI,MEI_CAN,URL_CAN,LAB_ISO,LAB_URL,LAB_RAD,CAN_ALA,ALA_LAB,LAB_PNE,PNE_ISO,ISO_LAB,CAN_ISO,RAD_ALA,ALA_CAN,LAB_NER,NER_LAB,CAN_NER,NER_CAN,RAD_ANE,ANE_OPE
RAD_ISO,ISO_ISO,ISO_CAN,CAN_CAN,CAN_RAD,RAD_LAB,LAB_CAN,CAN_LAB,LAB_LAB,CAN_URL,URL_LAB,LAB_MEI,MEI_CAN,URL_CAN,LAB_ISO,LAB_URL,LAB_RAD,CAN_ALA,ALA_LAB,LAB_PNE,PNE_ISO,ISO_LAB,CAN_ISO,RAD_ALA,ALA_CAN,LAB_NER,NER_LAB,CAN_NER,NER_CAN,RAD_ANE,ANE_OPE
RAD_ISO,ISO_ISO,ISO_CAN,CAN_CAN,CAN_RAD,RAD_LAB,LAB_CAN,CAN_LAB,LAB_LAB,CAN_URL,URL_LAB,LAB_MEI,MEI_CAN,URL_CAN,LAB_ISO,LAB_URL,LAB_RAD,CAN_ALA,ALA_LAB,LAB_PNE,PNE_ISO,ISO_LAB,CAN_ISO,RAD_ALA,ALA_CAN,LAB_NER,NER_LAB,CAN_NER,NER_CAN,RAD_ANE,ANE_OPE
RAD_ISO,ISO_ISO,ISO_CAN,CAN_CAN,CAN_RAD,RAD_LAB,LAB_CAN,CAN_LAB,LAB_LAB,CAN_URL,URL_LAB,LAB_MEI,MEI_CAN,URL_CAN,LAB_ISO,LAB_URL,LAB_RAD,CAN_ALA,ALA_LAB,LAB_PNE,PNE_ISO,ISO_LAB,CAN_ISO,RAD_ALA,ALA_CAN,LAB_NER,NER_LAB,CAN_NER,NER_CAN,RAD_ANE,ANE_OPE
RAD_ISO,ISO_ISO,ISO_CAN,CAN_CAN,CAN_RAD,RAD_LAB,LAB_CAN,CAN_LAB,LAB_LAB,CAN_URL,URL_LAB,LAB_MEI,MEI_CAN,URL_CAN,LAB_ISO,LAB_URL,LAB_RAD,CAN_ALA,ALA_LAB,LAB_PNE,PNE_ISO,ISO_LAB,CAN_ISO,RAD_ALA,ALA_CAN,LAB_NER,NER_LAB,CAN_NER,NER_CAN,RAD_ANE,ANE_OPE
RAD_ISO,ISO_ISO,ISO_CAN,CAN_CAN,CAN_RAD,RAD_LAB,LAB_CAN,CAN_LAB,LAB_LAB,CAN_URL,URL_LAB,LAB_MEI,MEI_CAN,URL_CAN,LAB_ISO,LAB_URL,LAB_RAD,CAN_ALA,ALA_LAB,LAB_PNE,PNE_ISO,ISO_LAB,CAN_ISO,RAD_ALA,ALA_CAN,LAB_NER,NER_LAB,CAN_NER,NER_CAN,RAD_ANE,ANE_OPE
RAD_ISO,ISO_ISO,ISO_CAN,CAN_CAN,CAN_RAD,RAD_LAB,LAB_CAN,CAN_LAB,LAB_LAB,CAN_URL,URL_LAB,LAB_MEI,MEI_CAN,URL_CAN,LAB_ISO,LAB_URL,LAB_RAD,CAN_ALA,ALA_LAB,LAB_PNE,PNE_ISO,ISO_LAB,CAN_ISO,RAD_ALA,ALA_CAN,LAB_NER,NER_LAB,CAN_NER,NER_CAN,RAD_ANE,ANE_OPE
RAD_ISO,ISO_ISO,ISO_CAN,CAN_CAN,CAN_RAD,RAD_LAB,LAB_CAN,CAN_LAB,LAB_LAB,CAN_URL,URL_LAB,LAB_MEI,MEI_CAN,URL_CAN,LAB_ISO,LAB_URL,LAB_RAD,CAN_ALA,ALA_LAB,LAB_PNE,PNE_ISO,ISO_LAB,CAN_ISO,RAD_ALA,ALA_CAN,LAB_NER,NER_LAB,CAN_NER,NER_CAN,RAD_ANE,ANE_OPE
RAD_ISO,ISO_ISO,ISO_CAN,CAN_CAN,CAN_RAD,RAD_LAB,LAB_CAN,CAN_LAB,LAB_LAB,CAN_URL,URL_LAB,LAB_MEI,MEI_CAN,URL_CAN,LAB_ISO,LAB_URL,LAB_RAD,CAN_ALA,ALA_LAB,LAB_PNE,PNE_ISO,ISO_LAB,CAN_ISO,RAD_ALA,ALA_CAN,LAB_NER,NER_LAB,CAN_NER,NER_CAN,RAD_ANE,ANE_OPE
RAD_ISO,ISO_ISO,ISO_CAN,CAN_CAN,CAN_RAD,RAD_LAB,LAB_CAN,CAN_LAB,LAB_LAB,CAN_URL,URL_LAB,LAB_MEI,MEI_CAN,URL_CAN,LAB_ISO,LAB_URL,LAB_RAD,CAN_ALA,ALA_LAB,LAB_PNE,PNE_ISO,ISO_LAB,CAN_ISO,RAD_ALA,ALA_CAN,LAB_NER,NER_LAB,CAN_NER,NER_CAN,RAD_ANE,ANE_OPE
RAD_ISO,ISO_ISO,ISO_CAN,CAN_CAN,CAN_RAD,RAD_LAB,LAB_CAN,CAN_LAB,LAB_LAB,CAN_URL,URL_LAB,LAB_MEI,MEI_CAN,URL_CAN,LAB_ISO,LAB_URL,LAB_RAD,CAN_ALA,ALA_LAB,LAB_PNE,PNE_ISO,ISO_LAB,CAN_ISO,RAD_ALA,ALA_CAN,LAB_NER,NER_LAB,CAN_NER,NER_CAN,RAD_ANE,ANE_OPE
RAD_ISO,ISO_ISO,ISO_CAN,CAN_CAN,CAN_RAD,RAD_LAB,LAB_CAN,CAN_LAB,LAB_LAB,CAN_URL,URL_LAB,LAB_MEI,MEI_CAN,URL_CAN,LAB_ISO,LAB_URL,LAB_RAD,CAN_ALA,ALA_LAB,LAB_PNE,PNE_ISO,ISO_LAB,CAN_ISO,RAD_ALA,ALA_CAN,LAB_NER,NER_LAB,CAN_NER,NER_CAN,RAD_ANE,ANE_OPE
RAD_ISO,ISO_ISO,ISO_CAN,CAN_CAN,CAN_RAD,RAD_LAB,LAB_CAN,CAN_LAB,LAB_LAB,CAN_URL,URL_LAB,LAB_MEI,MEI_CAN,URL_CAN,LAB_ISO,LAB_URL,LAB_RAD,CAN_ALA,ALA_LAB,LAB_PNE,PNE_ISO,ISO_LAB,CAN_ISO,RAD_ALA,ALA_CAN,LAB_NER,NER_LAB,CAN_NER,NER_CAN,RAD_ANE,ANE_OPE
RAD_ISO,ISO_ISO,ISO_CAN,CAN_CAN,CAN_RAD,RAD_LAB,LAB_CAN,CAN_LAB,LAB_LAB,CAN_URL,URL_LAB,LAB_MEI,MEI_CAN,URL_CAN,LAB_ISO,LAB_URL,LAB_RAD,CAN_ALA,ALA_LAB,LAB_PNE,PNE_ISO,ISO_LAB,CAN_ISO,RAD_ALA,ALA_CAN,LAB_NER,NER_LAB,CAN_NER,NER_CAN,RAD_ANE,ANE_OPE
RAD_ISO,ISO_ISO,ISO_CAN,CAN_CAN,CAN_RAD,RAD_LAB,LAB_CAN,CAN_LAB,LAB_LAB,CAN_URL,URL_LAB,LAB_MEI,MEI_CAN,URL_CAN,LAB_ISO,LAB_URL,LAB_RAD,CAN_ALA,ALA_LAB,LAB_PNE,PNE_ISO,ISO_LAB,CAN_ISO,RAD_ALA,ALA_CAN,LAB_NER,NER_LAB,CAN_NER,NER_CAN,RAD_ANE,ANE_OPE
RAD_ISO,ISO_ISO,ISO_CAN,CAN_CAN,CAN_RAD,RAD_LAB,LAB_CAN,CAN_LAB,LAB_LAB,CAN_URL,URL_LAB,LAB_MEI,MEI_CAN,URL_CAN,LAB_ISO,LAB_URL,LAB_RAD,CAN_ALA,ALA_LAB,LAB_PNE,PNE_ISO,ISO_LAB,CAN_ISO,RAD_ALA,ALA_CAN,LAB_NER,NER_LAB,CAN_NER,NER_CAN,RAD_ANE,ANE_OPE
RAD_ISO,ISO_ISO,ISO_CAN,CAN_CAN,CAN_RAD,RAD_LAB,LAB_CAN,CAN_LAB,LAB_LAB,CAN_URL,URL_LAB,LAB_MEI,MEI_CAN,URL_CAN,LAB_ISO,LAB_URL,LAB_RAD,CAN_ALA,ALA_LAB,LAB_PNE,PNE_ISO,ISO_LAB,CAN_ISO,RAD_ALA,ALA_CAN,LAB_NER,NER_LAB,CAN_NER,NER_CAN,RAD_ANE,ANE_OPE
RAD_ISO,ISO_ISO,ISO_CAN,CAN_CAN,CAN_RAD,RAD_LAB,LAB_CAN,CAN_LAB,LAB_LAB,CAN_URL,URL_LAB,LAB_MEI,MEI_CAN,URL_CAN,LAB_ISO,LAB_URL,LAB_RAD,CAN_ALA,ALA_LAB,LAB_PNE,PNE_ISO,ISO_LAB,CAN_ISO,RAD_ALA,ALA_CAN,LAB_NER,NER_LAB,CAN_NER,NER_CAN,RAD_ANE,ANE_OPE
RAD_ISO,ISO_ISO,ISO_CAN,CAN_CAN,CAN_RAD,RAD_LAB,LAB_CAN,CAN_LAB,LAB_LAB,CAN_URL,URL_LAB,LAB_MEI,MEI_CAN,URL_CAN,LAB_ISO,LAB_URL,LAB_RAD,CAN_ALA,ALA_LAB,LAB_PNE,PNE_ISO,ISO_LAB,CAN_ISO,RAD_ALA,ALA_CAN,LAB_NER,NER_LAB,CAN_NER,NER_CAN,RAD_ANE,ANE_OPE
RAD_ISO,ISO_ISO,ISO_CAN,CAN_CAN,CAN_RAD,RAD_LAB,LAB_CAN,CAN_LAB,LAB_LAB,CAN_URL,URL_LAB,LAB_MEI,MEI_CAN,URL_CAN,LAB_ISO,LAB_URL,LAB_RAD,CAN_ALA,ALA_LAB,LAB_PNE,PNE_ISO,ISO_LAB,CAN_ISO,RAD_ALA,ALA_CAN,LAB_NER,NER_LAB,CAN_NER,NER_CAN,RAD_ANE,ANE_OPE
RAD_ISO,ISO_ISO,ISO_CAN,CAN_CAN,CAN_RAD,RAD_LAB,LAB_CAN,CAN_LAB,LAB_LAB,CAN_URL,URL_LAB,LAB_MEI,MEI_CAN,URL_CAN,LAB_ISO,LAB_URL,LAB_RAD,CAN_ALA,ALA_LAB,LAB_PNE,PNE_ISO,ISO_LAB,CAN_ISO,RAD_ALA,ALA_CAN,LAB_NER,NER_LAB,CAN_NER,NER_CAN,RAD_ANE,ANE_OPE
RAD_ISO,ISO_ISO,ISO_CAN,CAN_CAN,CAN_RAD,RAD_LAB,LAB_CAN,CAN_LAB,LAB_LAB,CAN_URL,URL_LAB,LAB_MEI,MEI_CAN,URL_CAN,LAB_ISO,LAB_URL,LAB_RAD,CAN_ALA,ALA_LAB,LAB_PNE,PNE_ISO,ISO_LAB,CAN_ISO,RAD_ALA,ALA_CAN,LAB_NER,NER_LAB,CAN_NER,NER_CAN,RAD_ANE,ANE_OPE
RAD_ISO,ISO_ISO,ISO_CAN,CAN_CAN,CAN_RAD,RAD_LAB,LAB_CAN,CAN_LAB,LAB_LAB,CAN_URL,URL_LAB,LAB_MEI,MEI_CAN,URL_CAN,LAB_ISO,LAB_URL,LAB_RAD,CAN_ALA,ALA_LAB,LAB_PNE,PNE_ISO,ISO_LAB,CAN_ISO,RAD_ALA,ALA_CAN,LAB_NER,NER_LAB,CAN_NER,NER_CAN,RAD_ANE,ANE_OPE
RAD_ISO,ISO_ISO,ISO_CAN,CAN_CAN,CAN_RAD,RAD_LAB,LAB_CAN,CAN_LAB,LAB_LAB,CAN_URL,URL_LAB,LAB_MEI,MEI_CAN,URL_CAN,LAB_ISO,LAB_URL,LAB_RAD,CAN_ALA,ALA_LAB,LAB_PNE,PNE_ISO,ISO_LAB,CAN_ISO,RAD_ALA,ALA_CAN,LAB_NER,NER_LAB,CAN_NER,NER_CAN,RAD_ANE,ANE_OPE
RAD_ISO,ISO_ISO,ISO_CAN,CAN_CAN,CAN_RAD,RAD_LAB,LAB_CAN,CAN_LAB,LAB_LAB,CAN_URL,URL_LAB,LAB_MEI,MEI_CAN,URL_CAN,LAB_ISO,LAB_URL,LAB_RAD,CAN_ALA,ALA_LAB,LAB_PNE,PNE_ISO,ISO_LAB,CAN_ISO,RAD_ALA,ALA_CAN,LAB_NER,NER_LAB,CAN_NER,NER_CAN,RAD_ANE,ANE_OPE
RAD_ISO,ISO_ISO,ISO_CAN,CAN_CAN,CAN_RAD,RAD_LAB,LAB_CAN,CAN_LAB,LAB_LAB,CAN_URL,URL_LAB,LAB_MEI,MEI_CAN,URL_CAN,LAB_ISO,LAB_URL,LAB_RAD,CAN_ALA,ALA_LAB,LAB_PNE,PNE_ISO,ISO_LAB,CAN_ISO,RAD_ALA,ALA_CAN,LAB_NER,NER_LAB,CAN_NER,NER_CAN,RAD_ANE,ANE_OPE
RAD_ISO,ISO_ISO,ISO_CAN,CAN_CAN,CAN_RAD,RAD_LAB,LAB_CAN,CAN_LAB,LAB_LAB,CAN_URL,URL_LAB,LAB_MEI,MEI_CAN,URL_CAN,LAB_ISO,LAB_URL,LAB_RAD,CAN_ALA,ALA_LAB,LAB_PNE,PNE_ISO,ISO_LAB,CAN_ISO,RAD_ALA,ALA_CAN,LAB_NER,NER_LAB,CAN_NER,NER_CAN,RAD_ANE,ANE_OPE
RAD_ISO,ISO_ISO,ISO_CAN,CAN_CAN,CAN_RAD,RAD_LAB,LAB_CAN,CAN_LAB,LAB_LAB,CAN_URL,URL_LAB,LAB_MEI,MEI_CAN,URL_CAN,LAB_ISO,LAB_URL,LAB_RAD,CAN_ALA,ALA_LAB,LAB_PNE,PNE_ISO,ISO_LAB,CAN_ISO,RAD_ALA,ALA_CAN,LAB_NER,NER_LAB,CAN_NER,NER_CAN,RAD_ANE,ANE_OPE
RAD_ISO,ISO_ISO,ISO_CAN,CAN_CAN,CAN_RAD,RAD_LAB,LAB_CAN,CAN_LAB,LAB_LAB,CAN_URL,URL_LAB,LAB_MEI,MEI_CAN,URL_CAN,LAB_ISO,LAB_URL,LAB_RAD,CAN_ALA,ALA_LAB,LAB_PNE,PNE_ISO,ISO_LAB,CAN_ISO,RAD_ALA,ALA_CAN,LAB_NER,NER_LAB,CAN_NER,NER_CAN,RAD_ANE,ANE_OPE
RAD_ISO,ISO_ISO,ISO_CAN,CAN_CAN,CAN_RAD,RAD_LAB,LAB_CAN,CAN_LAB,LAB_LAB,CAN_URL,URL_LAB,LAB_MEI,MEI_CAN,URL_CAN,LAB_ISO,LAB_URL,LAB_RAD,CAN_ALA,ALA_LAB,LAB_PNE,PNE_ISO,ISO_LAB,CAN_ISO,RAD_ALA,ALA_CAN,LAB_NER,NER_LAB,CAN_NER,NER_CAN,RAD_ANE,ANE_OPE
RAD_ISO,ISO_ISO,ISO_CAN,CAN_CAN,CAN_RAD,RAD_LAB,LAB_CAN,CAN_LAB,LAB_LAB,CAN_URL,URL_LAB,LAB_MEI,MEI_CAN,URL_CAN,LAB_ISO,LAB_URL,LAB_RAD,CAN_ALA,ALA_LAB,LAB_PNE,PNE_ISO,ISO_LAB,CAN_ISO,RAD_ALA,ALA_CAN,LAB_NER,NER_LAB,CAN_NER,NER_CAN,RAD_ANE,ANE_OPE
RAD_ISO,ISO_ISO,ISO_CAN,CAN_CAN,CAN_RAD,RAD_LAB,LAB_CAN,CAN_LAB,LAB_LAB,CAN_URL,URL_LAB,LAB_MEI,MEI_CAN,URL_CAN,LAB_ISO,LAB_URL,LAB_RAD,CAN_ALA,ALA_LAB,LAB_PNE,PNE_ISO,ISO_LAB,CAN_ISO,RAD_ALA,ALA_CAN,LAB_NER,NER_LAB,CAN_NER,NER_CAN,RAD_ANE,ANE_OPE
RAD_ISO,ISO_ISO,ISO_CAN,CAN_CAN,CAN_RAD,RAD_LAB,LAB_CAN,CAN_LAB,LAB_LAB,CAN_URL,URL_LAB,LAB_MEI,MEI_CAN,URL_CAN,LAB_ISO,LAB_URL,LAB_RAD,CAN_ALA,ALA_LAB,LAB_PNE,PNE_ISO,ISO_LAB,CAN_ISO,RAD_ALA,ALA_CAN,LAB_NER,NER_LAB,CAN_NER,NER_CAN,RAD_ANE,ANE_OPE
RAD_ISO,ISO_ISO,ISO_CAN,CAN_CAN,CAN_RAD,RAD_LAB,LAB_CAN,CAN_LAB,LAB_LAB,CAN_URL,URL_LAB,LAB_MEI,MEI_CAN,URL_CAN,LAB_ISO,LAB_URL,LAB_RAD,CAN_ALA,ALA_LAB,LAB_PNE,PNE_ISO,ISO_LAB,CAN_ISO,RAD_ALA,ALA_CAN,LAB_NER,NER_LAB,CAN_NER,NER_CAN,RAD_ANE,ANE_OPE
RAD_ISO,ISO_ISO,ISO_CAN,CAN_CAN,CAN_RAD,RAD_LAB,LAB_CAN,CAN_LAB,LAB_LAB,CAN_URL,URL_LAB,LAB_MEI,MEI_CAN,URL_CAN,LAB_ISO,LAB_URL,LAB_RAD,CAN_ALA,ALA_LAB,LAB_PNE,PNE_ISO,ISO_LAB,CAN_ISO,RAD_ALA,ALA_CAN,LAB_NER,NER_LAB,CAN_NER,NER_CAN,RAD_ANE,ANE_OPE
RAD_ISO,ISO_ISO,ISO_CAN,CAN_CAN,CAN_RAD,RAD_LAB,LAB_CAN,CAN_LAB,LAB_LAB,CAN_URL,URL_LAB,LAB_MEI,MEI_CAN,URL_CAN,LAB_ISO,LAB_URL,LAB_RAD,CAN_ALA,ALA_LAB,LAB_PNE,PNE_ISO,ISO_LAB,CAN_ISO,RAD_ALA,ALA_CAN,LAB_NER,NER_LAB,CAN_NER,NER_CAN,RAD_ANE,ANE_OPE
RAD_ISO,ISO_ISO,ISO_CAN,CAN_CAN,CAN_RAD,RAD_LAB,LAB_CAN,CAN_LAB,LAB_LAB,CAN_URL,URL_LAB,LAB_MEI,MEI_CAN,URL_CAN,LAB_ISO,LAB_URL,LAB_RAD,CAN_ALA,ALA_LAB,LAB_PNE,PNE_ISO,ISO_LAB,CAN_ISO,RAD_ALA,ALA_CAN,LAB_NER,NER_LAB,CAN_NER,NER_CAN,RAD_ANE,ANE_OPE
RAD_ISO,ISO_ISO,ISO_CAN,CAN_CAN,CAN_RAD,RAD_LAB,LAB_CAN,CAN_LAB,LAB_LAB,CAN_URL,URL_LAB,LAB_MEI,MEI_CAN,URL_CAN,LAB_ISO,LAB_URL,LAB_RAD,CAN_ALA,ALA_LAB,LAB_PNE,PNE_ISO,ISO_LAB,CAN_ISO,RAD_ALA,ALA_CAN,LAB_NER,NER_LAB,CAN_NER,NER_CAN,RAD_ANE,ANE_OPE
RAD_ISO,ISO_ISO,ISO_CAN,CAN_CAN,CAN_RAD,RAD_LAB,LAB_CAN,CAN_LAB,LAB_LAB,CAN_URL,URL_LAB,LAB_MEI,MEI_CAN,URL_CAN,LAB_ISO,LAB_URL,LAB_RAD,CAN_ALA,ALA_LAB,LAB_PNE,PNE_ISO,ISO_LAB,CAN_ISO,RAD_ALA,ALA_CAN,LAB_NER,NER_LAB,CAN_NER,NER_CAN,RAD_ANE,ANE_OPE
RAD_ISO,ISO_ISO,ISO_CAN,CAN_CAN,CAN_RAD,RAD_LAB,LAB_CAN,CAN_LAB,LAB_LAB,CAN_URL,URL_LAB,LAB_MEI,MEI_CAN,URL_CAN,LAB_ISO,LAB_URL,LAB_RAD,CAN_ALA,ALA_LAB,LAB_PNE,PNE_ISO,ISO_LAB,CAN_ISO,RAD_ALA,ALA_CAN,LAB_NER,NER_LAB,CAN_NER,NER_CAN,RAD_ANE,ANE_OPE
RAD_ISO,ISO_ISO,ISO_CAN,CAN_CAN,CAN_RAD,RAD_LAB,LAB_CAN,CAN_LAB,LAB_LAB,CAN_URL,URL_LAB,LAB_MEI,MEI_CAN,URL_CAN,LAB_ISO,LAB_URL,LAB_RAD,CAN_ALA,ALA_LAB,LAB_PNE,PNE_ISO,ISO_LAB,CAN_ISO,RAD_ALA,ALA_CAN,LAB_NER,NER_LAB,CAN_NER,NER_CAN,RAD_ANE,ANE_OPE
RAD_ISO,ISO_ISO,ISO_CAN,CAN_CAN,CAN_RAD,RAD_LAB,LAB_CAN,CAN_LAB,LAB_LAB,CAN_URL,URL_LAB,LAB_MEI,MEI_CAN,URL_CAN,LAB_ISO,LAB_URL,LAB_RAD,CAN_ALA,ALA_LAB,LAB_PNE,PNE_ISO,ISO_LAB,CAN_ISO,RAD_ALA,ALA_CAN,LAB_NER,NER_LAB,CAN_NER,NER_CAN,RAD_ANE,ANE_OPE
RAD_ISO,ISO_ISO,ISO_CAN,CAN_CAN,CAN_RAD,RAD_LAB,LAB_CAN,CAN_LAB,LAB_LAB,CAN_URL,URL_LAB,LAB_MEI,MEI_CAN,URL_CAN,LAB_ISO,LAB_URL,LAB_RAD,CAN_ALA,ALA_LAB,LAB_PNE,PNE_ISO,ISO_LAB,CAN_ISO,RAD_ALA,ALA_CAN,LAB_NER,NER_LAB,CAN_NER,NER_CAN,RAD_ANE,ANE_OPE
RAD_ISO,ISO_ISO,ISO_CAN,CAN_CAN,CAN_RAD,RAD_LAB,LAB_CAN,CAN_LAB,LAB_LAB,CAN_URL,URL_LAB,LAB_MEI,MEI_CAN,URL_CAN,LAB_ISO,LAB_URL,LAB_RAD,CAN_ALA,ALA_LAB,LAB_PNE,PNE_ISO,ISO_LAB,CAN_ISO,RAD_ALA,ALA_CAN,LAB_NER,NER_LAB,CAN_NER,NER_CAN,RAD_ANE,ANE_OPE
RAD_ISO,ISO_ISO,ISO_CAN,CAN_CAN,CAN_RAD,RAD_LAB,LAB_CAN,CAN_LAB,LAB_LAB,CAN_URL,URL_LAB,LAB_MEI,MEI_CAN,URL_CAN,LAB_ISO,LAB_URL,LAB_RAD,CAN_ALA,ALA_LAB,LAB_PNE,PNE_ISO,ISO_LAB,CAN_ISO,RAD_ALA,ALA_CAN,LAB_NER,NER_LAB,CAN_NER,NER_CAN,RAD_ANE,ANE_OPE
RAD_ISO,ISO_ISO,ISO_CAN,CAN_CAN,CAN_RAD,RAD_LAB,LAB_CAN,CAN_LAB,LAB_LAB,CAN_URL,URL_LAB,LAB_MEI,MEI_CAN,URL_CAN,LAB_ISO,LAB_URL,LAB_RAD,CAN_ALA,ALA_LAB,LAB_PNE,PNE_ISO,ISO_LAB,CAN_ISO,RAD_ALA,ALA_CAN,LAB_NER,NER_LAB,CAN_NER,NER_CAN,RAD_ANE,ANE_OPE
RAD_ISO,ISO_ISO,ISO_CAN,CAN_CAN,CAN_RAD,RAD_LAB,LAB_CAN,CAN_LAB,LAB_LAB,CAN_URL,URL_LAB,LAB_MEI,MEI_CAN,URL_CAN,LAB_ISO,LAB_URL,LAB_RAD,CAN_ALA,ALA_LAB,LAB_PNE,PNE_ISO,ISO_LAB,CAN_ISO,RAD_ALA,ALA_CAN,LAB_NER,NER_LAB,CAN_NER,NER_CAN,RAD_ANE,ANE_OPE
RAD_ISO,ISO_ISO,ISO_CAN,CAN_CAN,CAN_RAD,RAD_LAB,LAB_CAN,CAN_LAB,LAB_LAB,CAN_URL,URL_LAB,LAB_MEI,MEI_CAN,URL_CAN,LAB_ISO,LAB_URL,LAB_RAD,CAN_ALA,ALA_LAB,LAB_PNE,PNE_ISO,ISO_LAB,CAN_ISO,RAD_ALA,ALA_CAN,LAB_NER,NER_LAB,CAN_NER,NER_CAN,RAD_ANE,ANE_OPE
RAD_ISO,ISO_ISO,ISO_CAN,CAN_CAN,CAN_RAD,RAD_LAB,LAB_CAN,CAN_LAB,LAB_LAB,CAN_URL,URL_LAB,LAB_MEI,MEI_CAN,URL_CAN,LAB_ISO,LAB_URL,LAB_RAD,CAN_ALA,ALA_LAB,LAB_PNE,PNE_ISO,ISO_LAB,CAN_ISO,RAD_ALA,ALA_CAN,LAB_NER,NER_LAB,CAN_NER,NER_CAN,RAD_ANE,ANE_OPE
RAD_ISO,ISO_ISO,ISO_CAN,CAN_CAN,CAN_RAD,RAD_LAB,LAB_CAN,CAN_LAB,LAB_LAB,CAN_URL,URL_LAB,LAB_MEI,MEI_CAN,URL_CAN,LAB_ISO,LAB_URL,LAB_RAD,CAN_ALA,ALA_LAB,LAB_PNE,PNE_ISO,ISO_LAB,CAN_ISO,RAD_ALA,ALA_CAN,LAB_NER,NER_LAB,CAN_NER,NER_CAN,RAD_ANE,ANE_OPE
RAD_ISO,ISO_ISO,ISO_CAN,CAN_CAN,CAN_RAD,RAD_LAB,LAB_CAN,CAN_LAB,LAB_LAB,CAN_URL,URL_LAB,LAB_MEI,MEI_CAN,URL_CAN,LAB_ISO,LAB_URL,LAB_RAD,CAN_ALA,ALA_LAB,LAB_PNE,PNE_ISO,ISO_LAB,CAN_ISO,RAD_ALA,ALA_CAN,LAB_NER,NER_LAB,CAN_NER,NER_CAN,RAD_ANE,ANE_OPE
RAD_ISO,ISO_ISO,ISO_CAN,CAN_CAN,CAN_RAD,RAD_LAB,LAB_CAN,CAN_LAB,LAB_LAB,CAN_URL,URL_LAB,LAB_MEI,MEI_CAN,URL_CAN,LAB_ISO,LAB_URL,LAB_RAD,CAN_ALA,ALA_LAB,LAB_PNE,PNE_ISO,ISO_LAB,CAN_ISO,RAD_ALA,ALA_CAN,LAB_NER,NER_LAB,CAN_NER,NER_CAN,RAD_ANE,ANE_OPE
RAD_ISO,ISO_ISO,ISO_CAN,CAN_CAN,CAN_RAD,RAD_LAB,LAB_CAN,CAN_LAB,LAB_LAB,CAN_URL,URL_LAB,LAB_MEI,MEI_CAN,URL_CAN,LAB_ISO,LAB_URL,LAB_RAD,CAN_ALA,ALA_LAB,LAB_PNE,PNE_ISO,ISO_LAB,CAN_ISO,RAD_ALA,ALA_CAN,LAB_NER,NER_LAB,CAN_NER,NER_CAN,RAD_ANE,ANE_OPE
RAD_ISO,ISO_ISO,ISO_CAN,CAN_CAN,CAN_RAD,RAD_LAB,LAB_CAN,CAN_LAB,LAB_LAB,CAN_URL,URL_LAB,LAB_MEI,MEI_CAN,URL_CAN,LAB_ISO,LAB_URL,LAB_RAD,CAN_ALA,ALA_LAB,LAB_PNE,PNE_ISO,ISO_LAB,CAN_ISO,RAD_ALA,ALA_CAN,LAB_NER,NER_LAB,CAN_NER,NER_CAN,RAD_ANE,ANE_OPE
RAD_ISO,ISO_ISO,ISO_CAN,CAN_CAN,CAN_RAD,RAD_LAB,LAB_CAN,CAN_LAB,LAB_LAB,CAN_URL,URL_LAB,LAB_MEI,MEI_CAN,URL_CAN,LAB_ISO,LAB_URL,LAB_RAD,CAN_ALA,ALA_LAB,LAB_PNE,PNE_ISO,ISO_LAB,CAN_ISO,RAD_ALA,ALA_CAN,LAB_NER,NER_LAB,CAN_NER,NER_CAN,RAD_ANE,ANE_OPE
RAD_ISO,ISO_ISO,ISO_CAN,CAN_CAN,CAN_RAD,RAD_LAB,LAB_CAN,CAN_LAB,LAB_LAB,CAN_URL,URL_LAB,LAB_MEI,MEI_CAN,URL_CAN,LAB_ISO,LAB_URL,LAB_RAD,CAN_ALA,ALA_LAB,LAB_PNE,PNE_ISO,ISO_LAB,CAN_ISO,RAD_ALA,ALA_CAN,LAB_NER,NER_LAB,CAN_NER,NER_CAN,RAD_ANE,ANE_OPE
RAD_ISO,ISO_ISO,ISO_CAN,CAN_CAN,CAN_RAD,RAD_LAB,LAB_CAN,CAN_LAB,LAB_LAB,CAN_URL,URL_LAB,LAB_MEI,MEI_CAN,URL_CAN,LAB_ISO,LAB_URL,LAB_RAD,CAN_ALA,ALA_LAB,LAB_PNE,PNE_ISO,ISO_LAB,CAN_ISO,RAD_ALA,ALA_CAN,LAB_NER,NER_LAB,CAN_NER,NER_CAN,RAD_ANE,ANE_OPE
RAD_ISO,ISO_ISO,ISO_CAN,CAN_CAN,CAN_RAD,RAD_LAB,LAB_CAN,CAN_LAB,LAB_LAB,CAN_URL,URL_LAB,LAB_MEI,MEI_CAN,URL_CAN,LAB_ISO,LAB_URL,LAB_RAD,CAN_ALA,ALA_LAB,LAB_PNE,PNE_ISO,ISO_LAB,CAN_ISO,RAD_ALA,ALA_CAN,LAB_NER,NER_LAB,CAN_NER,NER_CAN,RAD_ANE,ANE_OPE
RAD_ISO,ISO_ISO,ISO_CAN,CAN_CAN,CAN_RAD,RAD_LAB,LAB_CAN,CAN_LAB,LAB_LAB,CAN_URL,URL_LAB,LAB_MEI,MEI_CAN,URL_CAN,LAB_ISO,LAB_URL,LAB_RAD,CAN_ALA,ALA_LAB,LAB_PNE,PNE_ISO,ISO_LAB,CAN_ISO,RAD_ALA,ALA_CAN,LAB_NER,NER_LAB,CAN_NER,NER_CAN,RAD_ANE,ANE_OPE
RAD_ISO,ISO_ISO,ISO_CAN,CAN_CAN,CAN_RAD,RAD_LAB,LAB_CAN,CAN_LAB,LAB_LAB,CAN_URL,URL_LAB,LAB_MEI,MEI_CAN,URL_CAN,LAB_ISO,LAB_URL,LAB_RAD,CAN_ALA,ALA_LAB,LAB_PNE,PNE_ISO,ISO_LAB,CAN_ISO,RAD_ALA,ALA_CAN,LAB_NER,NER_LAB,CAN_NER,NER_CAN,RAD_ANE,ANE_OPE
RAD_ISO,ISO_ISO,ISO_CAN,CAN_CAN,CAN_RAD,RAD_LAB,LAB_CAN,CAN_LAB,LAB_LAB,CAN_URL,URL_LAB,LAB_MEI,MEI_CAN,URL_CAN,LAB_ISO,LAB_URL,LAB_RAD,CAN_ALA,ALA_LAB,LAB_PNE,PNE_ISO,ISO_LAB,CAN_ISO,RAD_ALA,ALA_CAN,LAB_NER,NER_LAB,CAN_NER,NER_CAN,RAD_ANE,ANE_OPE
RAD_ISO,ISO_ISO,ISO_CAN,CAN_CAN,CAN_RAD,RAD_LAB,LAB_CAN,CAN_LAB,LAB_LAB,CAN_URL,URL_LAB,LAB_MEI,MEI_CAN,URL_CAN,LAB_ISO,LAB_URL,LAB_RAD,CAN_ALA,ALA_LAB,LAB_PNE,PNE_ISO,ISO_LAB,CAN_ISO,RAD_ALA,ALA_CAN,LAB_NER,NER_LAB,CAN_NER,NER_CAN,RAD_ANE,ANE_OPE
RAD_ISO,ISO_ISO,ISO_CAN,CAN_CAN,CAN_RAD,RAD_LAB,LAB_CAN,CAN_LAB,LAB_LAB,CAN_URL,URL_LAB,LAB_MEI,MEI_CAN,URL_CAN,LAB_ISO,LAB_URL,LAB_RAD,CAN_ALA,ALA_LAB,LAB_PNE,PNE_ISO,ISO_LAB,CAN_ISO,RAD_ALA,ALA_CAN,LAB_NER,NER_LAB,CAN_NER,NER_CAN,RAD_ANE,ANE_OPE
RAD_ISO,ISO_ISO,ISO_CAN,CAN_CAN,CAN_RAD,RAD_LAB,LAB_CAN,CAN_LAB,LAB_LAB,CAN_URL,URL_LAB,LAB_MEI,MEI_CAN,URL_CAN,LAB_ISO,LAB_URL,LAB_RAD,CAN_ALA,ALA_LAB,LAB_PNE,PNE_ISO,ISO_LAB,CAN_ISO,RAD_ALA,ALA_CAN,LAB_NER,NER_LAB,CAN_NER,NER_CAN,RAD_ANE,ANE_OPE
RAD_ISO,ISO_ISO,ISO_CAN,CAN_CAN,CAN_RAD,RAD_LAB,LAB_CAN,CAN_LAB,LAB_LAB,CAN_URL,URL_LAB,LAB_MEI,MEI_CAN,URL_CAN,LAB_ISO,LAB_URL,LAB_RAD,CAN_ALA,ALA_LAB,LAB_PNE,PNE_ISO,ISO_LAB,CAN_ISO,RAD_ALA,ALA_CAN,LAB_NER,NER_LAB,CAN_NER,NER_CAN,RAD_ANE,ANE_OPE
RAD_ISO,ISO_ISO,ISO_CAN,CAN_CAN,CAN_RAD,RAD_LAB,LAB_CAN,CAN_LAB,LAB_LAB,CAN_URL,URL_LAB,LAB_MEI,MEI_CAN,URL_CAN,LAB_ISO,LAB_URL,LAB_RAD,CAN_ALA,ALA_LAB,LAB_PNE,PNE_ISO,ISO_LAB,CAN_ISO,RAD_ALA,ALA_CAN,LAB_NER,NER_LAB,CAN_NER,NER_CAN,RAD_ANE,ANE_OPE
RAD_ISO,ISO_ISO,ISO_CAN,CAN_CAN,CAN_RAD,RAD_LAB,LAB_CAN,CAN_LAB,LAB_LAB,CAN_URL,URL_LAB,LAB_MEI,MEI_CAN,URL_CAN,LAB_ISO,LAB_URL,LAB_RAD,CAN_ALA,ALA_LAB,LAB_PNE,PNE_ISO,ISO_LAB,CAN_ISO,RAD_ALA,ALA_CAN,LAB_NER,NER_LAB,CAN_NER,NER_CAN,RAD_ANE,ANE_OPE
RAD_ISO,ISO_ISO,ISO_CAN,CAN_CAN,CAN_RAD,RAD_LAB,LAB_CAN,CAN_LAB,LAB_LAB,CAN_URL,URL_LAB,LAB_MEI,MEI_CAN,URL_CAN,LAB_ISO,LAB_URL,LAB_RAD,CAN_ALA,ALA_LAB,LAB_PNE,PNE_ISO,ISO_LAB,CAN_ISO,RAD_ALA,ALA_CAN,LAB_NER,NER_LAB,CAN_NER,NER_CAN,RAD_ANE,ANE_OPE
RAD_ISO,ISO_ISO,ISO_CAN,CAN_CAN,CAN_RAD,RAD_LAB,LAB_CAN,CAN_LAB,LAB_LAB,CAN_URL,URL_LAB,LAB_MEI,MEI_CAN,URL_CAN,LAB_ISO,LAB_URL,LAB_RAD,CAN_ALA,ALA_LAB,LAB_PNE,PNE_ISO,ISO_LAB,CAN_ISO,RAD_ALA,ALA_CAN,LAB_NER,NER_LAB,CAN_NER,NER_CAN,RAD_ANE,ANE_OPE
RAD_ISO,ISO_ISO,ISO_CAN,CAN_CAN,CAN_RAD,RAD_LAB,LAB_CAN,CAN_LAB,LAB_LAB,CAN_URL,URL_LAB,LAB_MEI,MEI_CAN,URL_CAN,LAB_ISO,LAB_URL,LAB_RAD,CAN_ALA,ALA_LAB,LAB_PNE,PNE_ISO,ISO_LAB,CAN_ISO,RAD_ALA,ALA_CAN,LAB_NER,NER_LAB,CAN_NER,NER_CAN,RAD_ANE,ANE_OPE
RAD_ISO,ISO_ISO,ISO_CAN,CAN_CAN,CAN_RAD,RAD_LAB,LAB_CAN,CAN_LAB,LAB_LAB,CAN_URL,URL_LAB,LAB_MEI,MEI_CAN,URL_CAN,LAB_ISO,LAB_URL,LAB_RAD,CAN_ALA,ALA_LAB,LAB_PNE,PNE_ISO,ISO_LAB,CAN_ISO,RAD_ALA,ALA_CAN,LAB_NER,NER_LAB,CAN_NER,NER_CAN,RAD_ANE,ANE_OPE
RAD_ISO,ISO_ISO,ISO_CAN,CAN_CAN,CAN_RAD,RAD_LAB,LAB_CAN,CAN_LAB,LAB_LAB,CAN_URL,URL_LAB,LAB_MEI,MEI_CAN,URL_CAN,LAB_ISO,LAB_URL,LAB_RAD,CAN_ALA,ALA_LAB,LAB_PNE,PNE_ISO,ISO_LAB,CAN_ISO,RAD_ALA,ALA_CAN,LAB_NER,NER_LAB,CAN_NER,NER_CAN,RAD_ANE,ANE_OPE
RAD_ISO,ISO_ISO,ISO_CAN,CAN_CAN,CAN_RAD,RAD_LAB,LAB_CAN,CAN_LAB,LAB_LAB,CAN_URL,URL_LAB,LAB_MEI,MEI_CAN,URL_CAN,LAB_ISO,LAB_URL,LAB_RAD,CAN_ALA,ALA_LAB,LAB_PNE,PNE_ISO,ISO_LAB,CAN_ISO,RAD_ALA,ALA_CAN,LAB_NER,NER_LAB,CAN_NER,NER_CAN,RAD_ANE,ANE_OPE
RAD_ISO,ISO_ISO,ISO_CAN,CAN_CAN,CAN_RAD,RAD_LAB,LAB_CAN,CAN_LAB,LAB_LAB,CAN_URL,URL_LAB,LAB_MEI,MEI_CAN,URL_CAN,LAB_ISO,LAB_URL,LAB_RAD,CAN_ALA,ALA_LAB,LAB_PNE,PNE_ISO,ISO_LAB,CAN_ISO,RAD_ALA,ALA_CAN,LAB_NER,NER_LAB,CAN_NER,NER_CAN,RAD_ANE,ANE_OPE
RAD_ISO,ISO_ISO,ISO_CAN,CAN_CAN,CAN_RAD,RAD_LAB,LAB_CAN,CAN_LAB,LAB_LAB,CAN_URL,URL_LAB,LAB_MEI,MEI_CAN,URL_CAN,LAB_ISO,LAB_URL,LAB_RAD,CAN_ALA,ALA_LAB,LAB_PNE,PNE_ISO,ISO_LAB,CAN_ISO,RAD_ALA,ALA_CAN,LAB_NER,NER_LAB,CAN_NER,NER_CAN,RAD_ANE,ANE_OPE
RAD_ISO,ISO_ISO,ISO_CAN,CAN_CAN,CAN_RAD,RAD_LAB,LAB_CAN,CAN_LAB,LAB_LAB,CAN_URL,URL_LAB,LAB_MEI,MEI_CAN,URL_CAN,LAB_ISO,LAB_URL,LAB_RAD,CAN_ALA,ALA_LAB,LAB_PNE,PNE_ISO,ISO_LAB,CAN_ISO,RAD_ALA,ALA_CAN,LAB_NER,NER_LAB,CAN_NER,NER_CAN,RAD_ANE,ANE_OPE
RAD_ISO,ISO_ISO,ISO_CAN,CAN_CAN,CAN_RAD,RAD_LAB,LAB_CAN,CAN_LAB,LAB_LAB,CAN_URL,URL_LAB,LAB_MEI,MEI_CAN,URL_CAN,LAB_ISO,LAB_URL,LAB_RAD,CAN_ALA,ALA_LAB,LAB_PNE,PNE_ISO,ISO_LAB,CAN_ISO,RAD_ALA,ALA_CAN,LAB_NER,NER_LAB,CAN_NER,NER_CAN,RAD_ANE,ANE_OPE
RAD_ISO,ISO_ISO,ISO_CAN,CAN_CAN,CAN_RAD,RAD_LAB,LAB_CAN,CAN_LAB,LAB_LAB,CAN_URL,URL_LAB,LAB_MEI,MEI_CAN,URL_CAN,LAB_ISO,LAB_URL,LAB_RAD,CAN_ALA,ALA_LAB,LAB_PNE,PNE_ISO,ISO_LAB,CAN_ISO,RAD_ALA,ALA_CAN,LAB_NER,NER_LAB,CAN_NER,NER_CAN,RAD_ANE,ANE_OPE
RAD_ISO,ISO_ISO,ISO_CAN,CAN_CAN,CAN_RAD,RAD_LAB,LAB_CAN,CAN_LAB,LAB_LAB,CAN_URL,URL_LAB,LAB_MEI,MEI_CAN,URL_CAN,LAB_ISO,LAB_URL,LAB_RAD,CAN_ALA,ALA_LAB,LAB_PNE,PNE_ISO,ISO_LAB,CAN_ISO,RAD_ALA,ALA_CAN,LAB_NER,NER_LAB,CAN_NER,NER_CAN,RAD_ANE,ANE_OPE
RAD_ISO,ISO_ISO,ISO_CAN,CAN_CAN,CAN_RAD,RAD_LAB,LAB_CAN,CAN_LAB,LAB_LAB,CAN_URL,URL_LAB,LAB_MEI,MEI_CAN,URL_CAN,LAB_ISO,LAB_URL,LAB_RAD,CAN_ALA,ALA_LAB,LAB_PNE,PNE_ISO,ISO_LAB,CAN_ISO,RAD_ALA,ALA_CAN,LAB_NER,NER_LAB,CAN_NER,NER_CAN,RAD_ANE,ANE_OPE
RAD_ISO,ISO_ISO,ISO_CAN,CAN_CAN,CAN_RAD,RAD_LAB,LAB_CAN,CAN_LAB,LAB_LAB,CAN_URL,URL_LAB,LAB_MEI,MEI_CAN,URL_CAN,LAB_ISO,LAB_URL,LAB_RAD,CAN_ALA,ALA_LAB,LAB_PNE,PNE_ISO,ISO_LAB,CAN_ISO,RAD_ALA,ALA_CAN,LAB_NER,NER_LAB,CAN_NER,NER_CAN,RAD_ANE,ANE_OPE
RAD_ISO,ISO_ISO,ISO_CAN,CAN_CAN,CAN_RAD,RAD_LAB,LAB_CAN,CAN_LAB,LAB_LAB,CAN_URL,URL_LAB,LAB_MEI,MEI_CAN,URL_CAN,LAB_ISO,LAB_URL,LAB_RAD,CAN_ALA,ALA_LAB,LAB_PNE,PNE_ISO,ISO_LAB,CAN_ISO,RAD_ALA,ALA_CAN,LAB_NER,NER_LAB,CAN_NER,NER_CAN,RAD_ANE,ANE_OPE
RAD_ISO,ISO_ISO,ISO_CAN,CAN_CAN,CAN_RAD,RAD_LAB,LAB_CAN,CAN_LAB,LAB_LAB,CAN_URL,URL_LAB,LAB_MEI,MEI_CAN,URL_CAN,LAB_ISO,LAB_URL,LAB_RAD,CAN_ALA,ALA_LAB,LAB_PNE,PNE_ISO,ISO_LAB,CAN_ISO,RAD_ALA,ALA_CAN,LAB_NER,NER_LAB,CAN_NER,NER_CAN,RAD_ANE,ANE_OPE
RAD_ISO,ISO_ISO,ISO_CAN,CAN_CAN,CAN_RAD,RAD_LAB,LAB_CAN,CAN_LAB,LAB_LAB,CAN_URL,URL_LAB,LAB_MEI,MEI_CAN,URL_CAN,LAB_ISO,LAB_URL,LAB_RAD,CAN_ALA,ALA_LAB,LAB_PNE,PNE_ISO,ISO_LAB,CAN_ISO,RAD_ALA,ALA_CAN,LAB_NER,NER_LAB,CAN_NER,NER_CAN,RAD_ANE,ANE_OPE
RAD_ISO,ISO_ISO,ISO_CAN,CAN_CAN,CAN_RAD,RAD_LAB,LAB_CAN,CAN_LAB,LAB_LAB,CAN_URL,URL_LAB,LAB_MEI,MEI_CAN,URL_CAN,LAB_ISO,LAB_URL,LAB_RAD,CAN_ALA,ALA_LAB,LAB_PNE,PNE_ISO,ISO_LAB,CAN_ISO,RAD_ALA,ALA_CAN,LAB_NER,NER_LAB,CAN_NER,NER_CAN,RAD_ANE,ANE_OPE
RAD_ISO,ISO_ISO,ISO_CAN,CAN_CAN,CAN_RAD,RAD_LAB,LAB_CAN,CAN_LAB,LAB_LAB,CAN_URL,URL_LAB,LAB_MEI,MEI_CAN,URL_CAN,LAB_ISO,LAB_URL,LAB_RAD,CAN_ALA,ALA_LAB,LAB_PNE,PNE_ISO,ISO_LAB,CAN_ISO,RAD_ALA,ALA_CAN,LAB_NER,NER_LAB,CAN_NER,NER_CAN,RAD_ANE,ANE_OPE
RAD_ISO,ISO_ISO,ISO_CAN,CAN_CAN,CAN_RAD,RAD_LAB,LAB_CAN,CAN_LAB,LAB_LAB,CAN_URL,URL_LAB,LAB_MEI,MEI_CAN,URL_CAN,LAB_ISO,LAB_URL,LAB_RAD,CAN_ALA,ALA_LAB,LAB_PNE,PNE_ISO,ISO_LAB,CAN_ISO,RAD_ALA,ALA_CAN,LAB_NER,NER_LAB,CAN_NER,NER_CAN,RAD_ANE,ANE_OPE
RAD_ISO,ISO_ISO,ISO_CAN,CAN_CAN,CAN_RAD,RAD_LAB,LAB_CAN,CAN_LAB,LAB_LAB,CAN_URL,URL_LAB,LAB_MEI,MEI_CAN,URL_CAN,LAB_ISO,LAB_URL,LAB_RAD,CAN_ALA,ALA_LAB,LAB_PNE,PNE_ISO,ISO_LAB,CAN_ISO,RAD_ALA,ALA_CAN,LAB_NER,NER_LAB,CAN_NER,NER_CAN,RAD_ANE,ANE_OPE
RAD_ISO,ISO_ISO,ISO_CAN,CAN_CAN,CAN_RAD,RAD_LAB,LAB_CAN,CAN_LAB,LAB_LAB,CAN_URL,URL_LAB,LAB_MEI,MEI_CAN,URL_CAN,LAB_ISO,LAB_URL,LAB_RAD,CAN_ALA,ALA_LAB,LAB_PNE,PNE_ISO,ISO_LAB,CAN_ISO,RAD_ALA,ALA_CAN,LAB_NER,NER_LAB,CAN_NER,NER_CAN,RAD_ANE,ANE_OPE
RAD_ISO,ISO_ISO,ISO_CAN,CAN_CAN,CAN_RAD,RAD_LAB,LAB_CAN,CAN_LAB,LAB_LAB,CAN_URL,URL_LAB,LAB_MEI,MEI_CAN,URL_CAN,LAB_ISO,LAB_URL,LAB_RAD,CAN_ALA,ALA_LAB,LAB_PNE,PNE_ISO,ISO_LAB,CAN_ISO,RAD_ALA,ALA_CAN,LAB_NER,NER_LAB,CAN_NER,NER_CAN,RAD_ANE,ANE_OPE
RAD_ISO,ISO_ISO,ISO_CAN,CAN_CAN,CAN_RAD,RAD_LAB,LAB_CAN,CAN_LAB,LAB_LAB,CAN_URL,URL_LAB,LAB_MEI,MEI_CAN,URL_CAN,LAB_ISO,LAB_URL,LAB_RAD,CAN_ALA,ALA_LAB,LAB_PNE,PNE_ISO,ISO_LAB,CAN_ISO,RAD_ALA,ALA_CAN,LAB_NER,NER_LAB,CAN_NER,NER_CAN,RAD_ANE,ANE_OPE
RAD_ISO,ISO_ISO,ISO_CAN,CAN_CAN,CAN_RAD,RAD_LAB,LAB_CAN,CAN_LAB,LAB_LAB,CAN_URL,URL_LAB,LAB_MEI,MEI_CAN,URL_CAN,LAB_ISO,LAB_URL,LAB_RAD,CAN_ALA,ALA_LAB,LAB_PNE,PNE_ISO,ISO_LAB,CAN_ISO,RAD_ALA,ALA_CAN,LAB_NER,NER_LAB,CAN_NER,NER_CAN,RAD_ANE,ANE_OPE
RAD_ISO,ISO_ISO,ISO_CAN,CAN_CAN,CAN_RAD,RAD_LAB,LAB_CAN,CAN_LAB,LAB_LAB,CAN_URL,URL_LAB,LAB_MEI,MEI_CAN,URL_CAN,LAB_ISO,LAB_URL,LAB_RAD,CAN_ALA,ALA_LAB,LAB_PNE,PNE_ISO,ISO_LAB,CAN_ISO,RAD_ALA,ALA_CAN,LAB_NER,NER_LAB,CAN_NER,NER_CAN,RAD_ANE,ANE_OPE
RAD_ISO,ISO_ISO,ISO_CAN,CAN_CAN,CAN_RAD,RAD_LAB,LAB_CAN,CAN_LAB,LAB_LAB,CAN_URL,URL_LAB,LAB_MEI,MEI_CAN,URL_CAN,LAB_ISO,LAB_URL,LAB_RAD,CAN_ALA,ALA_LAB,LAB_PNE,PNE_ISO,ISO_LAB,CAN_ISO,RAD_ALA,ALA_CAN,LAB_NER,NER_LAB,CAN_NER,NER_CAN,RAD_ANE,ANE_OPE
RAD_ISO,ISO_ISO,ISO_CAN,CAN_CAN,CAN_RAD,RAD_LAB,LAB_CAN,CAN_LAB,LAB_LAB,CAN_URL,URL_LAB,LAB_MEI,MEI_CAN,URL_CAN,LAB_ISO,LAB_URL,LAB_RAD,CAN_ALA,ALA_LAB,LAB_PNE,PNE_ISO,ISO_LAB,CAN_ISO,RAD_ALA,ALA_CAN,LAB_NER,NER_LAB,CAN_NER,NER_CAN,RAD_ANE,ANE_OPE
RAD_ISO,ISO_ISO,ISO_CAN,CAN_CAN,CAN_RAD,RAD_LAB,LAB_CAN,CAN_LAB,LAB_LAB,CAN_URL,URL_LAB,LAB_MEI,MEI_CAN,URL_CAN,LAB_ISO,LAB_URL,LAB_RAD,CAN_ALA,ALA_LAB,LAB_PNE,PNE_ISO,ISO_LAB,CAN_ISO,RAD_ALA,ALA_CAN,LAB_NER,NER_LAB,CAN_NER,NER_CAN,RAD_ANE,ANE_OPE
RAD_ISO,ISO_ISO,ISO_CAN,CAN_CAN,CAN_RAD,RAD_LAB,LAB_CAN,CAN_LAB,LAB_LAB,CAN_URL,URL_LAB,LAB_MEI,MEI_CAN,URL_CAN,LAB_ISO,LAB_URL,LAB_RAD,CAN_ALA,ALA_LAB,LAB_PNE,PNE_ISO,ISO_LAB,CAN_ISO,RAD_ALA,ALA_CAN,LAB_NER,NER_LAB,CAN_NER,NER_CAN,RAD_ANE,ANE_OPE
RAD_ISO,ISO_ISO,ISO_CAN,CAN_CAN,CAN_RAD,RAD_LAB,LAB_CAN,CAN_LAB,LAB_LAB,CAN_URL,URL_LAB,LAB_MEI,MEI_CAN,URL_CAN,LAB_ISO,LAB_URL,LAB_RAD,CAN_ALA,ALA_LAB,LAB_PNE,PNE_ISO,ISO_LAB,CAN_ISO,RAD_ALA,ALA_CAN,LAB_NER,NER_LAB,CAN_NER,NER_CAN,RAD_ANE,ANE_OPE
RAD_ISO,ISO_ISO,ISO_CAN,CAN_CAN,CAN_RAD,RAD_LAB,LAB_CAN,CAN_LAB,LAB_LAB,CAN_URL,URL_LAB,LAB_MEI,MEI_CAN,URL_CAN,LAB_ISO,LAB_URL,LAB_RAD,CAN_ALA,ALA_LAB,LAB_PNE,PNE_ISO,ISO_LAB,CAN_ISO,RAD_ALA,ALA_CAN,LAB_NER,NER_LAB,CAN_NER,NER_CAN,RAD_ANE,ANE_OPE
RAD_ISO,ISO_ISO,ISO_CAN,CAN_CAN,CAN_RAD,RAD_LAB,LAB_CAN,CAN_LAB,LAB_LAB,CAN_URL,URL_LAB,LAB_MEI,MEI_CAN,URL_CAN,LAB_ISO,LAB_URL,LAB_RAD,CAN_ALA,ALA_LAB,LAB_PNE,PNE_ISO,ISO_LAB,CAN_ISO,RAD_ALA,ALA_CAN,LAB_NER,NER_LAB,CAN_NER,NER_CAN,RAD_ANE,ANE_OPE
RAD_ISO,ISO_ISO,ISO_CAN,CAN_CAN,CAN_RAD,RAD_LAB,LAB_CAN,CAN_LAB,LAB_LAB,CAN_URL,URL_LAB,LAB_MEI,MEI_CAN,URL_CAN,LAB_ISO,LAB_URL,LAB_RAD,CAN_ALA,ALA_LAB,LAB_PNE,PNE_ISO,ISO_LAB,CAN_ISO,RAD_ALA,ALA_CAN,LAB_NER,NER_LAB,CAN_NER,NER_CAN,RAD_ANE,ANE_OPE
RAD_ISO,ISO_ISO,ISO_CAN,CAN_CAN,CAN_RAD,RAD_LAB,LAB_CAN,CAN_LAB,LAB_LAB,CAN_URL,URL_LAB,LAB_MEI,MEI_CAN,URL_CAN,LAB_ISO,LAB_URL,LAB_RAD,CAN_ALA,ALA_LAB,LAB_PNE,PNE_ISO,ISO_LAB,CAN_ISO,RAD_ALA,ALA_CAN,LAB_NER,NER_LAB,CAN_NER,NER_CAN,RAD_ANE,ANE_OPE
RAD_ISO,ISO_ISO,ISO_CAN,CAN_CAN,CAN_RAD,RAD_LAB,LAB_CAN,CAN_LAB,LAB_LAB,CAN_URL,URL_LAB,LAB_MEI,MEI_CAN,URL_CAN,LAB_ISO,LAB_URL,LAB_RAD,CAN_ALA,ALA_LAB,LAB_PNE,PNE_ISO,ISO_LAB,CAN_ISO,RAD_ALA,ALA_CAN,LAB_NER,NER_LAB,CAN_NER,NER_CAN,RAD_ANE,ANE_OPE
RAD_ISO,ISO_ISO,ISO_CAN,CAN_CAN,CAN_RAD,RAD_LAB,LAB_CAN,CAN_LAB,LAB_LAB,CAN_URL,URL_LAB,LAB_MEI,MEI_CAN,URL_CAN,LAB_ISO,LAB_URL,LAB_RAD,CAN_ALA,ALA_LAB,LAB_PNE,PNE_ISO,ISO_LAB,CAN_ISO,RAD_ALA,ALA_CAN,LAB_NER,NER_LAB,CAN_NER,NER_CAN,RAD_ANE,ANE_OPE
RAD_ISO,ISO_ISO,ISO_CAN,CAN_CAN,CAN_RAD,RAD_LAB,LAB_CAN,CAN_LAB,LAB_LAB,CAN_URL,URL_LAB,LAB_MEI,MEI_CAN,URL_CAN,LAB_ISO,LAB_URL,LAB_RAD,CAN_ALA,ALA_LAB,LAB_PNE,PNE_ISO,ISO_LAB,CAN_ISO,RAD_ALA,ALA_CAN,LAB_NER,NER_LAB,CAN_NER,NER_CAN,RAD_ANE,ANE_OPE
RAD_ISO,ISO_ISO,ISO_CAN,CAN_CAN,CAN_RAD,RAD_LAB,LAB_CAN,CAN_LAB,LAB_LAB,CAN_URL,URL_LAB,LAB_MEI,MEI_CAN,URL_CAN,LAB_ISO,LAB_URL,LAB_RAD,CAN_ALA,ALA_LAB,LAB_PNE,PNE_ISO,ISO_LAB,CAN_ISO,RAD_ALA,ALA_CAN,LAB_NER,NER_LAB,CAN_NER,NER_CAN,RAD_ANE,ANE_OPE
RAD_ISO,ISO_ISO,ISO_CAN,CAN_CAN,CAN_RAD,RAD_LAB,LAB_CAN,CAN_LAB,LAB_LAB,CAN_URL,URL_LAB,LAB_MEI,MEI_CAN,URL_CAN,LAB_ISO,LAB_URL,LAB_RAD,CAN_ALA,ALA_LAB,LAB_PNE,PNE_ISO,ISO_LAB,CAN_ISO,RAD_ALA,ALA_CAN,LAB_NER,NER_LAB,CAN_NER,NER_CAN,RAD_ANE,ANE_OPE
RAD_ISO,ISO_ISO,ISO_CAN,CAN_CAN,CAN_RAD,RAD_LAB,LAB_CAN,CAN_LAB,LAB_LAB,CAN_URL,URL_LAB,LAB_MEI,MEI_CAN,URL_CAN,LAB_ISO,LAB_URL,LAB_RAD,CAN_ALA,ALA_LAB,LAB_PNE,PNE_ISO,ISO_LAB,CAN_ISO,RAD_ALA,ALA_CAN,LAB_NER,NER_LAB,CAN_NER,NER_CAN,RAD_ANE,ANE_OPE
RAD_ISO,ISO_ISO,ISO_CAN,CAN_CAN,CAN_RAD,RAD_LAB,LAB_CAN,CAN_LAB,LAB_LAB,CAN_URL,URL_LAB,LAB_MEI,MEI_CAN,URL_CAN,LAB_ISO,LAB_URL,LAB_RAD,CAN_ALA,ALA_LAB,LAB_PNE,PNE_ISO,ISO_LAB,CAN_ISO,RAD_ALA,ALA_CAN,LAB_NER,NER_LAB,CAN_NER,NER_CAN,RAD_ANE,ANE_OPE
RAD_ISO,ISO_ISO,ISO_CAN,CAN_CAN,CAN_RAD,RAD_LAB,LAB_CAN,CAN_LAB,LAB_LAB,CAN_URL,URL_LAB,LAB_MEI,MEI_CAN,URL_CAN,LAB_ISO,LAB_URL,LAB_RAD,CAN_ALA,ALA_LAB,LAB_PNE,PNE_ISO,ISO_LAB,CAN_ISO,RAD_ALA,ALA_CAN,LAB_NER,NER_LAB,CAN_NER,NER_CAN,RAD_ANE,ANE_OPE
RAD_ISO,ISO_ISO,ISO_CAN,CAN_CAN,CAN_RAD,RAD_LAB,LAB_CAN,CAN_LAB,LAB_LAB,CAN_URL,URL_LAB,LAB_MEI,MEI_CAN,URL_CAN,LAB_ISO,LAB_URL,LAB_RAD,CAN_ALA,ALA_LAB,LAB_PNE,PNE_ISO,ISO_LAB,CAN_ISO,RAD_ALA,ALA_CAN,LAB_NER,NER_LAB,CAN_NER,NER_CAN,RAD_ANE,ANE_OPE
RAD_ISO,ISO_ISO,ISO_CAN,CAN_CAN,CAN_RAD,RAD_LAB,LAB_CAN,CAN_LAB,LAB_LAB,CAN_URL,URL_LAB,LAB_MEI,MEI_CAN,URL_CAN,LAB_ISO,LAB_URL,LAB_RAD,CAN_ALA,ALA_LAB,LAB_PNE,PNE_ISO,ISO_LAB,CAN_ISO,RAD_ALA,ALA_CAN,LAB_NER,NER_LAB,CAN_NER,NER_CAN,RAD_ANE,ANE_OPE
RAD_ISO,ISO_ISO,ISO_CAN,CAN_CAN,CAN_RAD,RAD_LAB,LAB_CAN,CAN_LAB,LAB_LAB,CAN_URL,URL_LAB,LAB_MEI,MEI_CAN,URL_CAN,LAB_ISO,LAB_URL,LAB_RAD,CAN_ALA,ALA_LAB,LAB_PNE,PNE_ISO,ISO_LAB,CAN_ISO,RAD_ALA,ALA_CAN,LAB_NER,NER_LAB,CAN_NER,NER_CAN,RAD_ANE,ANE_OPE
RAD_ISO,ISO_ISO,ISO_CAN,CAN_CAN,CAN_RAD,RAD_LAB,LAB_CAN,CAN_LAB,LAB_LAB,CAN_URL,URL_LAB,LAB_MEI,MEI_CAN,URL_CAN,LAB_ISO,LAB_URL,LAB_RAD,CAN_ALA,ALA_LAB,LAB_PNE,PNE_ISO,ISO_LAB,CAN_ISO,RAD_ALA,ALA_CAN,LAB_NER,NER_LAB,CAN_NER,NER_CAN,RAD_ANE,ANE_OPE
RAD_ISO,ISO_ISO,ISO_CAN,CAN_CAN,CAN_RAD,RAD_LAB,LAB_CAN,CAN_LAB,LAB_LAB,CAN_URL,URL_LAB,LAB_MEI,MEI_CAN,URL_CAN,LAB_ISO,LAB_URL,LAB_RAD,CAN_ALA,ALA_LAB,LAB_PNE,PNE_ISO,ISO_LAB,CAN_ISO,RAD_ALA,ALA_CAN,LAB_NER,NER_LAB,CAN_NER,NER_CAN,RAD_ANE,ANE_OPE
RAD_ISO,ISO_ISO,ISO_CAN,CAN_CAN,CAN_RAD,RAD_LAB,LAB_CAN,CAN_LAB,LAB_LAB,CAN_URL,URL_LAB,LAB_MEI,MEI_CAN,URL_CAN,LAB_ISO,LAB_URL,LAB_RAD,CAN_ALA,ALA_LAB,LAB_PNE,PNE_ISO,ISO_LAB,CAN_ISO,RAD_ALA,ALA_CAN,LAB_NER,NER_LAB,CAN_NER,NER_CAN,RAD_ANE,ANE_OPE
RAD_ISO,ISO_ISO,ISO_CAN,CAN_CAN,CAN_RAD,RAD_LAB,LAB_CAN,CAN_LAB,LAB_LAB,CAN_URL,URL_LAB,LAB_MEI,MEI_CAN,URL_CAN,LAB_ISO,LAB_URL,LAB_RAD,CAN_ALA,ALA_LAB,LAB_PNE,PNE_ISO,ISO_LAB,CAN_ISO,RAD_ALA,ALA_CAN,LAB_NER,NER_LAB,CAN_NER,NER_CAN,RAD_ANE,ANE_OPE
RAD_ISO,ISO_ISO,ISO_CAN,CAN_CAN,CAN_RAD,RAD_LAB,LAB_CAN,CAN_LAB,LAB_LAB,CAN_URL,URL_LAB,LAB_MEI,MEI_CAN,URL_CAN,LAB_ISO,LAB_URL,LAB_RAD,CAN_ALA,ALA_LAB,LAB_PNE,PNE_ISO,ISO_LAB,CAN_ISO,RAD_ALA,ALA_CAN,LAB_NER,NER_LAB,CAN_NER,NER_CAN,RAD_ANE,ANE_OPE
RAD_ISO,ISO_ISO,ISO_CAN,CAN_CAN,CAN_RAD,RAD_LAB,LAB_CAN,CAN_LAB,LAB_LAB,CAN_URL,URL_LAB,LAB_MEI,MEI_CAN,URL_CAN,LAB_ISO,LAB_URL,LAB_RAD,CAN_ALA,ALA_LAB,LAB_PNE,PNE_ISO,ISO_LAB,CAN_ISO,RAD_ALA,ALA_CAN,LAB_NER,NER_LAB,CAN_NER,NER_CAN,RAD_ANE,ANE_OPE
RAD_ISO,ISO_ISO,ISO_CAN,CAN_CAN,CAN_RAD,RAD_LAB,LAB_CAN,CAN_LAB,LAB_LAB,CAN_URL,URL_LAB,LAB_MEI,MEI_CAN,URL_CAN,LAB_ISO,LAB_URL,LAB_RAD,CAN_ALA,ALA_LAB,LAB_PNE,PNE_ISO,ISO_LAB,CAN_ISO,RAD_ALA,ALA_CAN,LAB_NER,NER_LAB,CAN_NER,NER_CAN,RAD_ANE,ANE_OPE
RAD_ISO,ISO_ISO,ISO_CAN,CAN_CAN,CAN_RAD,RAD_LAB,LAB_CAN,CAN_LAB,LAB_LAB,CAN_URL,URL_LAB,LAB_MEI,MEI_CAN,URL_CAN,LAB_ISO,LAB_URL,LAB_RAD,CAN_ALA,ALA_LAB,LAB_PNE,PNE_ISO,ISO_LAB,CAN_ISO,RAD_ALA,ALA_CAN,LAB_NER,NER_LAB,CAN_NER,NER_CAN,RAD_ANE,ANE_OPE
RAD_ISO,ISO_ISO,ISO_CAN,CAN_CAN,CAN_RAD,RAD_LAB,LAB_CAN,CAN_LAB,LAB_LAB,CAN_URL,URL_LAB,LAB_MEI,MEI_CAN,URL_CAN,LAB_ISO,LAB_URL,LAB_RAD,CAN_ALA,ALA_LAB,LAB_PNE,PNE_ISO,ISO_LAB,CAN_ISO,RAD_ALA,ALA_CAN,LAB_NER,NER_LAB,CAN_NER,NER_CAN,RAD_ANE,ANE_OPE
RAD_ISO,ISO_ISO,ISO_CAN,CAN_CAN,CAN_RAD,RAD_LAB,LAB_CAN,CAN_LAB,LAB_LAB,CAN_URL,URL_LAB,LAB_MEI,MEI_CAN,URL_CAN,LAB_ISO,LAB_URL,LAB_RAD,CAN_ALA,ALA_LAB,LAB_PNE,PNE_ISO,ISO_LAB,CAN_ISO,RAD_ALA,ALA_CAN,LAB_NER,NER_LAB,CAN_NER,NER_CAN,RAD_ANE,ANE_OPE
RAD_ISO,ISO_ISO,ISO_CAN,CAN_CAN,CAN_RAD,RAD_LAB,LAB_CAN,CAN_LAB,LAB_LAB,CAN_URL,URL_LAB,LAB_MEI,MEI_CAN,URL_CAN,LAB_ISO,LAB_URL,LAB_RAD,CAN_ALA,ALA_LAB,LAB_PNE,PNE_ISO,ISO_LAB,CAN_ISO,RAD_ALA,ALA_CAN,LAB_NER,NER_LAB,CAN_NER,NER_CAN,RAD_ANE,ANE_OPE
RAD_ISO,ISO_ISO,ISO_CAN,CAN_CAN,CAN_RAD,RAD_LAB,LAB_CAN,CAN_LAB,LAB_LAB,CAN_URL,URL_LAB,LAB_MEI,MEI_CAN,URL_CAN,LAB_ISO,LAB_URL,LAB_RAD,CAN_ALA,ALA_LAB,LAB_PNE,PNE_ISO,ISO_LAB,CAN_ISO,RAD_ALA,ALA_CAN,LAB_NER,NER_LAB,CAN_NER,NER_CAN,RAD_ANE,ANE_OPE
RAD_ISO,ISO_ISO,ISO_CAN,CAN_CAN,CAN_RAD,RAD_LAB,LAB_CAN,CAN_LAB,LAB_LAB,CAN_URL,URL_LAB,LAB_MEI,MEI_CAN,URL_CAN,LAB_ISO,LAB_URL,LAB_RAD,CAN_ALA,ALA_LAB,LAB_PNE,PNE_ISO,ISO_LAB,CAN_ISO,RAD_ALA,ALA_CAN,LAB_NER,NER_LAB,CAN_NER,NER_CAN,RAD_ANE,ANE_OPE
RAD_ISO,ISO_ISO,ISO_CAN,CAN_CAN,CAN_RAD,RAD_LAB,LAB_CAN,CAN_LAB,LAB_LAB,CAN_URL,URL_LAB,LAB_MEI,MEI_CAN,URL_CAN,LAB_ISO,LAB_URL,LAB_RAD,CAN_ALA,ALA_LAB,LAB_PNE,PNE_ISO,ISO_LAB,CAN_ISO,RAD_ALA,ALA_CAN,LAB_NER,NER_LAB,CAN_NER,NER_CAN,RAD_ANE,ANE_OPE
RAD_ISO,ISO_ISO,ISO_CAN,CAN_CAN,CAN_RAD,RAD_LAB,LAB_CAN,CAN_LAB,LAB_LAB,CAN_URL,URL_LAB,LAB_MEI,MEI_CAN,URL_CAN,LAB_ISO,LAB_URL,LAB_RAD,CAN_ALA,ALA_LAB,LAB_PNE,PNE_ISO,ISO_LAB,CAN_ISO,RAD_ALA,ALA_CAN,LAB_NER,NER_LAB,CAN_NER,NER_CAN,RAD_ANE,ANE_OPE
RAD_ISO,ISO_ISO,ISO_CAN,CAN_CAN,CAN_RAD,RAD_LAB,LAB_CAN,CAN_LAB,LAB_LAB,CAN_URL,URL_LAB,LAB_MEI,MEI_CAN,URL_CAN,LAB_ISO,LAB_URL,LAB_RAD,CAN_ALA,ALA_LAB,LAB_PNE,PNE_ISO,ISO_LAB,CAN_ISO,RAD_ALA,ALA_CAN,LAB_NER,NER_LAB,CAN_NER,NER_CAN,RAD_ANE,ANE_OPE
RAD_ISO,ISO_ISO,ISO_CAN,CAN_CAN,CAN_RAD,RAD_LAB,LAB_CAN,CAN_LAB,LAB_LAB,CAN_URL,URL_LAB,LAB_MEI,MEI_CAN,URL_CAN,LAB_ISO,LAB_URL,LAB_RAD,CAN_ALA,ALA_LAB,LAB_PNE,PNE_ISO,ISO_LAB,CAN_ISO,RAD_ALA,ALA_CAN,LAB_NER,NER_LAB,CAN_NER,NER_CAN,RAD_ANE,ANE_OPE
RAD_ISO,ISO_ISO,ISO_CAN,CAN_CAN,CAN_RAD,RAD_LAB,LAB_CAN,CAN_LAB,LAB_LAB,CAN_URL,URL_LAB,LAB_MEI,MEI_CAN,URL_CAN,LAB_ISO,LAB_URL,LAB_RAD,CAN_ALA,ALA_LAB,LAB_PNE,PNE_ISO,ISO_LAB,CAN_ISO,RAD_ALA,ALA_CAN,LAB_NER,NER_LAB,CAN_NER,NER_CAN,RAD_ANE,ANE_OPE
RAD_ISO,ISO_ISO,ISO_CAN,CAN_CAN,CAN_RAD,RAD_LAB,LAB_CAN,CAN_LAB,LAB_LAB,CAN_URL,URL_LAB,LAB_MEI,MEI_CAN,URL_CAN,LAB_ISO,LAB_URL,LAB_RAD,CAN_ALA,ALA_LAB,LAB_PNE,PNE_ISO,ISO_LAB,CAN_ISO,RAD_ALA,ALA_CAN,LAB_NER,NER_LAB,CAN_NER,NER_CAN,RAD_ANE,ANE_OPE
RAD_ISO,ISO_ISO,ISO_CAN,CAN_CAN,CAN_RAD,RAD_LAB,LAB_CAN,CAN_LAB,LAB_LAB,CAN_URL,URL_LAB,LAB_MEI,MEI_CAN,URL_CAN,LAB_ISO,LAB_URL,LAB_RAD,CAN_ALA,ALA_LAB,LAB_PNE,PNE_ISO,ISO_LAB,CAN_ISO,RAD_ALA,ALA_CAN,LAB_NER,NER_LAB,CAN_NER,NER_CAN,RAD_ANE,ANE_OPE
RAD_ISO,ISO_ISO,ISO_CAN,CAN_CAN,CAN_RAD,RAD_LAB,LAB_CAN,CAN_LAB,LAB_LAB,CAN_URL,URL_LAB,LAB_MEI,MEI_CAN,URL_CAN,LAB_ISO,LAB_URL,LAB_RAD,CAN_ALA,ALA_LAB,LAB_PNE,PNE_ISO,ISO_LAB,CAN_ISO,RAD_ALA,ALA_CAN,LAB_NER,NER_LAB,CAN_NER,NER_CAN,RAD_ANE,ANE_OPE
RAD_ISO,ISO_ISO,ISO_CAN,CAN_CAN,CAN_RAD,RAD_LAB,LAB_CAN,CAN_LAB,LAB_LAB,CAN_URL,URL_LAB,LAB_MEI,MEI_CAN,URL_CAN,LAB_ISO,LAB_URL,LAB_RAD,CAN_ALA,ALA_LAB,LAB_PNE,PNE_ISO,ISO_LAB,CAN_ISO,RAD_ALA,ALA_CAN,LAB_NER,NER_LAB,CAN_NER,NER_CAN,RAD_ANE,ANE_OPE
RAD_ISO,ISO_ISO,ISO_CAN,CAN_CAN,CAN_RAD,RAD_LAB,LAB_CAN,CAN_LAB,LAB_LAB,CAN_URL,URL_LAB,LAB_MEI,MEI_CAN,URL_CAN,LAB_ISO,LAB_URL,LAB_RAD,CAN_ALA,ALA_LAB,LAB_PNE,PNE_ISO,ISO_LAB,CAN_ISO,RAD_ALA,ALA_CAN,LAB_NER,NER_LAB,CAN_NER,NER_CAN,RAD_ANE,ANE_OPE
RAD_ISO,ISO_ISO,ISO_CAN,CAN_CAN,CAN_RAD,RAD_LAB,LAB_CAN,CAN_LAB,LAB_LAB,CAN_URL,URL_LAB,LAB_MEI,MEI_CAN,URL_CAN,LAB_ISO,LAB_URL,LAB_RAD,CAN_ALA,ALA_LAB,LAB_PNE,PNE_ISO,ISO_LAB,CAN_ISO,RAD_ALA,ALA_CAN,LAB_NER,NER_LAB,CAN_NER,NER_CAN,RAD_ANE,ANE_OPE
RAD_ISO,ISO_ISO,ISO_CAN,CAN_CAN,CAN_RAD,RAD_LAB,LAB_CAN,CAN_LAB,LAB_LAB,CAN_URL,URL_LAB,LAB_MEI,MEI_CAN,URL_CAN,LAB_ISO,LAB_URL,LAB_RAD,CAN_ALA,ALA_LAB,LAB_PNE,PNE_ISO,ISO_LAB,CAN_ISO,RAD_ALA,ALA_CAN,LAB_NER,NER_LAB,CAN_NER,NER_CAN,RAD_ANE,ANE_OPE
RAD_ISO,ISO_ISO,ISO_CAN,CAN_CAN,CAN_RAD,RAD_LAB,LAB_CAN,CAN_LAB,LAB_LAB,CAN_URL,URL_LAB,LAB_MEI,MEI_CAN,URL_CAN,LAB_ISO,LAB_URL,LAB_RAD,CAN_ALA,ALA_LAB,LAB_PNE,PNE_ISO,ISO_LAB,CAN_ISO,RAD_ALA,ALA_CAN,LAB_NER,NER_LAB,CAN_NER,NER_CAN,RAD_ANE,ANE_OPE
RAD_ISO,ISO_ISO,ISO_CAN,CAN_CAN,CAN_RAD,RAD_LAB,LAB_CAN,CAN_LAB,LAB_LAB,CAN_URL,URL_LAB,LAB_MEI,MEI_CAN,URL_CAN,LAB_ISO,LAB_URL,LAB_RAD,CAN_ALA,ALA_LAB,LAB_PNE,PNE_ISO,ISO_LAB,CAN_ISO,RAD_ALA,ALA_CAN,LAB_NER,NER_LAB,CAN_NER,NER_CAN,RAD_ANE,ANE_OPE
RAD_ISO,ISO_ISO,ISO_CAN,CAN_CAN,CAN_RAD,RAD_LAB,LAB_CAN,CAN_LAB,LAB_LAB,CAN_URL,URL_LAB,LAB_MEI,MEI_CAN,URL_CAN,LAB_ISO,LAB_URL,LAB_RAD,CAN_ALA,ALA_LAB,LAB_PNE,PNE_ISO,ISO_LAB,CAN_ISO,RAD_ALA,ALA_CAN,LAB_NER,NER_LAB,CAN_NER,NER_CAN,RAD_ANE,ANE_OPE
RAD_ISO,ISO_ISO,ISO_CAN,CAN_CAN,CAN_RAD,RAD_LAB,LAB_CAN,CAN_LAB,LAB_LAB,CAN_URL,URL_LAB,LAB_MEI,MEI_CAN,URL_CAN,LAB_ISO,LAB_URL,LAB_RAD,CAN_ALA,ALA_LAB,LAB_PNE,PNE_ISO,ISO_LAB,CAN_ISO,RAD_ALA,ALA_CAN,LAB_NER,NER_LAB,CAN_NER,NER_CAN,RAD_ANE,ANE_OPE
RAD_ISO,ISO_ISO,ISO_CAN,CAN_CAN,CAN_RAD,RAD_LAB,LAB_CAN,CAN_LAB,LAB_LAB,CAN_URL,URL_LAB,LAB_MEI,MEI_CAN,URL_CAN,LAB_ISO,LAB_URL,LAB_RAD,CAN_ALA,ALA_LAB,LAB_PNE,PNE_ISO,ISO_LAB,CAN_ISO,RAD_ALA,ALA_CAN,LAB_NER,NER_LAB,CAN_NER,NER_CAN,RAD_ANE,ANE_OPE
RAD_ISO,ISO_ISO,ISO_CAN,CAN_CAN,CAN_RAD,RAD_LAB,LAB_CAN,CAN_LAB,LAB_LAB,CAN_URL,URL_LAB,LAB_MEI,MEI_CAN,URL_CAN,LAB_ISO,LAB_URL,LAB_RAD,CAN_ALA,ALA_LAB,LAB_PNE,PNE_ISO,ISO_LAB,CAN_ISO,RAD_ALA,ALA_CAN,LAB_NER,NER_LAB,CAN_NER,NER_CAN,RAD_ANE,ANE_OPE
RAD_ISO,ISO_ISO,ISO_CAN,CAN_CAN,CAN_RAD,RAD_LAB,LAB_CAN,CAN_LAB,LAB_LAB,CAN_URL,URL_LAB,LAB_MEI,MEI_CAN,URL_CAN,LAB_ISO,LAB_URL,LAB_RAD,CAN_ALA,ALA_LAB,LAB_PNE,PNE_ISO,ISO_LAB,CAN_ISO,RAD_ALA,ALA_CAN,LAB_NER,NER_LAB,CAN_NER,NER_CAN,RAD_ANE,ANE_OPE
RAD_ISO,ISO_ISO,ISO_CAN,CAN_CAN,CAN_RAD,RAD_LAB,LAB_CAN,CAN_LAB,LAB_LAB,CAN_URL,URL_LAB,LAB_MEI,MEI_CAN,URL_CAN,LAB_ISO,LAB_URL,LAB_RAD,CAN_ALA,ALA_LAB,LAB_PNE,PNE_ISO,ISO_LAB,CAN_ISO,RAD_ALA,ALA_CAN,LAB_NER,NER_LAB,CAN_NER,NER_CAN,RAD_ANE,ANE_OPE
RAD_ISO,ISO_ISO,ISO_CAN,CAN_CAN,CAN_RAD,RAD_LAB,LAB_CAN,CAN_LAB,LAB_LAB,CAN_URL,URL_LAB,LAB_MEI,MEI_CAN,URL_CAN,LAB_ISO,LAB_URL,LAB_RAD,CAN_ALA,ALA_LAB,LAB_PNE,PNE_ISO,ISO_LAB,CAN_ISO,RAD_ALA,ALA_CAN,LAB_NER,NER_LAB,CAN_NER,NER_CAN,RAD_ANE,ANE_OPE
RAD_ISO,ISO_ISO,ISO_CAN,CAN_CAN,CAN_RAD,RAD_LAB,LAB_CAN,CAN_LAB,LAB_LAB,CAN_URL,URL_LAB,LAB_MEI,MEI_CAN,URL_CAN,LAB_ISO,LAB_URL,LAB_RAD,CAN_ALA,ALA_LAB,LAB_PNE,PNE_ISO,ISO_LAB,CAN_ISO,RAD_ALA,ALA_CAN,LAB_NER,NER_LAB,CAN_NER,NER_CAN,RAD_ANE,ANE_OPE
RAD_ISO,ISO_ISO,ISO_CAN,CAN_CAN,CAN_RAD,RAD_LAB,LAB_CAN,CAN_LAB,LAB_LAB,CAN_URL,URL_LAB,LAB_MEI,MEI_CAN,URL_CAN,LAB_ISO,LAB_URL,LAB_RAD,CAN_ALA,ALA_LAB,LAB_PNE,PNE_ISO,ISO_LAB,CAN_ISO,RAD_ALA,ALA_CAN,LAB_NER,NER_LAB,CAN_NER,NER_CAN,RAD_ANE,ANE_OPE
RAD_ISO,ISO_ISO,ISO_CAN,CAN_CAN,CAN_RAD,RAD_LAB,LAB_CAN,CAN_LAB,LAB_LAB,CAN_URL,URL_LAB,LAB_MEI,MEI_CAN,URL_CAN,LAB_ISO,LAB_URL,LAB_RAD,CAN_ALA,ALA_LAB,LAB_PNE,PNE_ISO,ISO_LAB,CAN_ISO,RAD_ALA,ALA_CAN,LAB_NER,NER_LAB,CAN_NER,NER_CAN,RAD_ANE,ANE_OPE
RAD_ISO,ISO_ISO,ISO_CAN,CAN_CAN,CAN_RAD,RAD_LAB,LAB_CAN,CAN_LAB,LAB_LAB,CAN_URL,URL_LAB,LAB_MEI,MEI_CAN,URL_CAN,LAB_ISO,LAB_URL,LAB_RAD,CAN_ALA,ALA_LAB,LAB_PNE,PNE_ISO,ISO_LAB,CAN_ISO,RAD_ALA,ALA_CAN,LAB_NER,NER_LAB,CAN_NER,NER_CAN,RAD_ANE,ANE_OPE
RAD_ISO,ISO_ISO,ISO_CAN,CAN_CAN,CAN_RAD,RAD_LAB,LAB_CAN,CAN_LAB,LAB_LAB,CAN_URL,URL_LAB,LAB_MEI,MEI_CAN,URL_CAN,LAB_ISO,LAB_URL,LAB_RAD,CAN_ALA,ALA_LAB,LAB_PNE,PNE_ISO,ISO_LAB,CAN_ISO,RAD_ALA,ALA_CAN,LAB_NER,NER_LAB,CAN_NER,NER_CAN,RAD_ANE,ANE_OPE
RAD_ISO,ISO_ISO,ISO_CAN,CAN_CAN,CAN_RAD,RAD_LAB,LAB_CAN,CAN_LAB,LAB_LAB,CAN_URL,URL_LAB,LAB_MEI,MEI_CAN,URL_CAN,LAB_ISO,LAB_URL,LAB_RAD,CAN_ALA,ALA_LAB,LAB_PNE,PNE_ISO,ISO_LAB,CAN_ISO,RAD_ALA,ALA_CAN,LAB_NER,NER_LAB,CAN_NER,NER_CAN,RAD_ANE,ANE_OPE
RAD_ISO,ISO_ISO,ISO_CAN,CAN_CAN,CAN_RAD,RAD_LAB,LAB_CAN,CAN_LAB,LAB_LAB,CAN_URL,URL_LAB,LAB_MEI,MEI_CAN,URL_CAN,LAB_ISO,LAB_URL,LAB_RAD,CAN_ALA,ALA_LAB,LAB_PNE,PNE_ISO,ISO_LAB,CAN_ISO,RAD_ALA,ALA_CAN,LAB_NER,NER_LAB,CAN_NER,NER_CAN,RAD_ANE,ANE_OPE
RAD_ISO,ISO_ISO,ISO_CAN,CAN_CAN,CAN_RAD,RAD_LAB,LAB_CAN,CAN_LAB,LAB_LAB,CAN_URL,URL_LAB,LAB_MEI,MEI_CAN,URL_CAN,LAB_ISO,LAB_URL,LAB_RAD,CAN_ALA,ALA_LAB,LAB_PNE,PNE_ISO,ISO_LAB,CAN_ISO,RAD_ALA,ALA_CAN,LAB_NER,NER_LAB,CAN_NER,NER_CAN,RAD_ANE,ANE_OPE
RAD_ISO,ISO_ISO,ISO_CAN,CAN_CAN,CAN_RAD,RAD_LAB,LAB_CAN,CAN_LAB,LAB_LAB,CAN_URL,URL_LAB,LAB_MEI,MEI_CAN,URL_CAN,LAB_ISO,LAB_URL,LAB_RAD,CAN_ALA,ALA_LAB,LAB_PNE,PNE_ISO,ISO_LAB,CAN_ISO,RAD_ALA,ALA_CAN,LAB_NER,NER_LAB,CAN_NER,NER_CAN,RAD_ANE,ANE_OPE
RAD_ISO,ISO_ISO,ISO_CAN,CAN_CAN,CAN_RAD,RAD_LAB,LAB_CAN,CAN_LAB,LAB_LAB,CAN_URL,URL_LAB,LAB_MEI,MEI_CAN,URL_CAN,LAB_ISO,LAB_URL,LAB_RAD,CAN_ALA,ALA_LAB,LAB_PNE,PNE_ISO,ISO_LAB,CAN_ISO,RAD_ALA,ALA_CAN,LAB_NER,NER_LAB,CAN_NER,NER_CAN,RAD_ANE,ANE_OPE
RAD_ISO,ISO_ISO,ISO_CAN,CAN_CAN,CAN_RAD,RAD_LAB,LAB_CAN,CAN_LAB,LAB_LAB,CAN_URL,URL_LAB,LAB_MEI,MEI_CAN,URL_CAN,LAB_ISO,LAB_URL,LAB_RAD,CAN_ALA,ALA_LAB,LAB_PNE,PNE_ISO,ISO_LAB,CAN_ISO,RAD_ALA,ALA_CAN,LAB_NER,NER_LAB,CAN_NER,NER_CAN,RAD_ANE,ANE_OPE
RAD_ISO,ISO_ISO,ISO_CAN,CAN_CAN,CAN_RAD,RAD_LAB,LAB_CAN,CAN_LAB,LAB_LAB,CAN_URL,URL_LAB,LAB_MEI,MEI_CAN,URL_CAN,LAB_ISO,LAB_URL,LAB_RAD,CAN_ALA,ALA_LAB,LAB_PNE,PNE_ISO,ISO_LAB,CAN_ISO,RAD_ALA,ALA_CAN,LAB_NER,NER_LAB,CAN_NER,NER_CAN,RAD_ANE,ANE_OPE
RAD_ISO,ISO_ISO,ISO_CAN,CAN_CAN,CAN_RAD,RAD_LAB,LAB_CAN,CAN_LAB,LAB_LAB,CAN_URL,URL_LAB,LAB_MEI,MEI_CAN,URL_CAN,LAB_ISO,LAB_URL,LAB_RAD,CAN_ALA,ALA_LAB,LAB_PNE,PNE_ISO,ISO_LAB,CAN_ISO,RAD_ALA,ALA_CAN,LAB_NER,NER_LAB,CAN_NER,NER_CAN,RAD_ANE,ANE_OPE
RAD_ISO,ISO_ISO,ISO_CAN,CAN_CAN,CAN_RAD,RAD_LAB,LAB_CAN,CAN_LAB,LAB_LAB,CAN_URL,URL_LAB,LAB_MEI,MEI_CAN,URL_CAN,LAB_ISO,LAB_URL,LAB_RAD,CAN_ALA,ALA_LAB,LAB_PNE,PNE_ISO,ISO_LAB,CAN_ISO,RAD_ALA,ALA_CAN,LAB_NER,NER_LAB,CAN_NER,NER_CAN,RAD_ANE,ANE_OPE
RAD_ISO,ISO_ISO,ISO_CAN,CAN_CAN,CAN_RAD,RAD_LAB,LAB_CAN,CAN_LAB,LAB_LAB,CAN_URL,URL_LAB,LAB_MEI,MEI_CAN,URL_CAN,LAB_ISO,LAB_URL,LAB_RAD,CAN_ALA,ALA_LAB,LAB_PNE,PNE_ISO,ISO_LAB,CAN_ISO,RAD_ALA,ALA_CAN,LAB_NER,NER_LAB,CAN_NER,NER_CAN,RAD_ANE,ANE_OPE
RAD_ISO,ISO_ISO,ISO_CAN,CAN_CAN,CAN_RAD,RAD_LAB,LAB_CAN,CAN_LAB,LAB_LAB,CAN_URL,URL_LAB,LAB_MEI,MEI_CAN,URL_CAN,LAB_ISO,LAB_URL,LAB_RAD,CAN_ALA,ALA_LAB,LAB_PNE,PNE_ISO,ISO_LAB,CAN_ISO,RAD_ALA,ALA_CAN,LAB_NER,NER_LAB,CAN_NER,NER_CAN,RAD_ANE,ANE_OPE
RAD_ISO,ISO_ISO,ISO_CAN,CAN_CAN,CAN_RAD,RAD_LAB,LAB_CAN,CAN_LAB,LAB_LAB,CAN_URL,URL_LAB,LAB_MEI,MEI_CAN,URL_CAN,LAB_ISO,LAB_URL,LAB_RAD,CAN_ALA,ALA_LAB,LAB_PNE,PNE_ISO,ISO_LAB,CAN_ISO,RAD_ALA,ALA_CAN,LAB_NER,NER_LAB,CAN_NER,NER_CAN,RAD_ANE,ANE_OPE
RAD_ISO,ISO_ISO,ISO_CAN,CAN_CAN,CAN_RAD,RAD_LAB,LAB_CAN,CAN_LAB,LAB_LAB,CAN_URL,URL_LAB,LAB_MEI,MEI_CAN,URL_CAN,LAB_ISO,LAB_URL,LAB_RAD,CAN_ALA,ALA_LAB,LAB_PNE,PNE_ISO,ISO_LAB,CAN_ISO,RAD_ALA,ALA_CAN,LAB_NER,NER_LAB,CAN_NER,NER_CAN,RAD_ANE,ANE_OPE
RAD_ISO,ISO_ISO,ISO_CAN,CAN_CAN,CAN_RAD,RAD_LAB,LAB_CAN,CAN_LAB,LAB_LAB,CAN_URL,URL_LAB,LAB_MEI,MEI_CAN,URL_CAN,LAB_ISO,LAB_URL,LAB_RAD,CAN_ALA,ALA_LAB,LAB_PNE,PNE_ISO,ISO_LAB,CAN_ISO,RAD_ALA,ALA_CAN,LAB_NER,NER_LAB,CAN_NER,NER_CAN,RAD_ANE,ANE_OPE
RAD_ISO,ISO_ISO,ISO_CAN,CAN_CAN,CAN_RAD,RAD_LAB,LAB_CAN,CAN_LAB,LAB_LAB,CAN_URL,URL_LAB,LAB_MEI,MEI_CAN,URL_CAN,LAB_ISO,LAB_URL,LAB_RAD,CAN_ALA,ALA_LAB,LAB_PNE,PNE_ISO,ISO_LAB,CAN_ISO,RAD_ALA,ALA_CAN,LAB_NER,NER_LAB,CAN_NER,NER_CAN,RAD_ANE,ANE_OPE
RAD_ISO,ISO_ISO,ISO_CAN,CAN_CAN,CAN_RAD,RAD_LAB,LAB_CAN,CAN_LAB,LAB_LAB,CAN_URL,URL_LAB,LAB_MEI,MEI_CAN,URL_CAN,LAB_ISO,LAB_URL,LAB_RAD,CAN_ALA,ALA_LAB,LAB_PNE,PNE_ISO,ISO_LAB,CAN_ISO,RAD_ALA,ALA_CAN,LAB_NER,NER_LAB,CAN_NER,NER_CAN,RAD_ANE,ANE_OPE
RAD_ISO,ISO_ISO,ISO_CAN,CAN_CAN,CAN_RAD,RAD_LAB,LAB_CAN,CAN_LAB,LAB_LAB,CAN_URL,URL_LAB,LAB_MEI,MEI_CAN,URL_CAN,LAB_ISO,LAB_URL,LAB_RAD,CAN_ALA,ALA_LAB,LAB_PNE,PNE_ISO,ISO_LAB,CAN_ISO,RAD_ALA,ALA_CAN,LAB_NER,NER_LAB,CAN_NER,NER_CAN,RAD_ANE,ANE_OPE
RAD_ISO,ISO_ISO,ISO_CAN,CAN_CAN,CAN_RAD,RAD_LAB,LAB_CAN,CAN_LAB,LAB_LAB,CAN_URL,URL_LAB,LAB_MEI,MEI_CAN,URL_CAN,LAB_ISO,LAB_URL,LAB_RAD,CAN_ALA,ALA_LAB,LAB_PNE,PNE_ISO,ISO_LAB,CAN_ISO,RAD_ALA,ALA_CAN,LAB_NER,NER_LAB,CAN_NER,NER_CAN,RAD_ANE,ANE_OPE
RAD_ISO,ISO_ISO,ISO_CAN,CAN_CAN,CAN_RAD,RAD_LAB,LAB_CAN,CAN_LAB,LAB_LAB,CAN_URL,URL_LAB,LAB_MEI,MEI_CAN,URL_CAN,LAB_ISO,LAB_URL,LAB_RAD,CAN_ALA,ALA_LAB,LAB_PNE,PNE_ISO,ISO_LAB,CAN_ISO,RAD_ALA,ALA_CAN,LAB_NER,NER_LAB,CAN_NER,NER_CAN,RAD_ANE,ANE_OPE
RAD_ISO,ISO_ISO,ISO_CAN,CAN_CAN,CAN_RAD,RAD_LAB,LAB_CAN,CAN_LAB,LAB_LAB,CAN_URL,URL_LAB,LAB_MEI,MEI_CAN,URL_CAN,LAB_ISO,LAB_URL,LAB_RAD,CAN_ALA,ALA_LAB,LAB_PNE,PNE_ISO,ISO_LAB,CAN_ISO,RAD_ALA,ALA_CAN,LAB_NER,NER_LAB,CAN_NER,NER_CAN,RAD_ANE,ANE_OPE
RAD_ISO,ISO_ISO,ISO_CAN,CAN_CAN,CAN_RAD,RAD_LAB,LAB_CAN,CAN_LAB,LAB_LAB,CAN_URL,URL_LAB,LAB_MEI,MEI_CAN,URL_CAN,LAB_ISO,LAB_URL,LAB_RAD,CAN_ALA,ALA_LAB,LAB_PNE,PNE_ISO,ISO_LAB,CAN_ISO,RAD_ALA,ALA_CAN,LAB_NER,NER_LAB,CAN_NER,NER_CAN,RAD_ANE,ANE_OPE
RAD_ISO,ISO_ISO,ISO_CAN,CAN_CAN,CAN_RAD,RAD_LAB,LAB_CAN,CAN_LAB,LAB_LAB,CAN_URL,URL_LAB,LAB_MEI,MEI_CAN,URL_CAN,LAB_ISO,LAB_URL,LAB_RAD,CAN_ALA,ALA_LAB,LAB_PNE,PNE_ISO,ISO_LAB,CAN_ISO,RAD_ALA,ALA_CAN,LAB_NER,NER_LAB,CAN_NER,NER_CAN,RAD_ANE,ANE_OPE
RAD_ISO,ISO_ISO,ISO_CAN,CAN_CAN,CAN_RAD,RAD_LAB,LAB_CAN,CAN_LAB,LAB_LAB,CAN_URL,URL_LAB,LAB_MEI,MEI_CAN,URL_CAN,LAB_ISO,LAB_URL,LAB_RAD,CAN_ALA,ALA_LAB,LAB_PNE,PNE_ISO,ISO_LAB,CAN_ISO,RAD_ALA,ALA_CAN,LAB_NER,NER_LAB,CAN_NER,NER_CAN,RAD_ANE,ANE_OPE
RAD_ISO,ISO_ISO,ISO_CAN,CAN_CAN,CAN_RAD,RAD_LAB,LAB_CAN,CAN_LAB,LAB_LAB,CAN_URL,URL_LAB,LAB_MEI,MEI_CAN,URL_CAN,LAB_ISO,LAB_URL,LAB_RAD,CAN_ALA,ALA_LAB,LAB_PNE,PNE_ISO,ISO_LAB,CAN_ISO,RAD_ALA,ALA_CAN,LAB_NER,NER_LAB,CAN_NER,NER_CAN,RAD_ANE,ANE_OPE
RAD_ISO,ISO_ISO,ISO_CAN,CAN_CAN,CAN_RAD,RAD_LAB,LAB_CAN,CAN_LAB,LAB_LAB,CAN_URL,URL_LAB,LAB_MEI,MEI_CAN,URL_CAN,LAB_ISO,LAB_URL,LAB_RAD,CAN_ALA,ALA_LAB,LAB_PNE,PNE_ISO,ISO_LAB,CAN_ISO,RAD_ALA,ALA_CAN,LAB_NER,NER_LAB,CAN_NER,NER_CAN,RAD_ANE,ANE_OPE
RAD_ISO,ISO_ISO,ISO_CAN,CAN_CAN,CAN_RAD,RAD_LAB,LAB_CAN,CAN_LAB,LAB_LAB,CAN_URL,URL_LAB,LAB_MEI,MEI_CAN,URL_CAN,LAB_ISO,LAB_URL,LAB_RAD,CAN_ALA,ALA_LAB,LAB_PNE,PNE_ISO,ISO_LAB,CAN_ISO,RAD_ALA,ALA_CAN,LAB_NER,NER_LAB,CAN_NER,NER_CAN,RAD_ANE,ANE_OPE
RAD_ISO,ISO_ISO,ISO_CAN,CAN_CAN,CAN_RAD,RAD_LAB,LAB_CAN,CAN_LAB,LAB_LAB,CAN_URL,URL_LAB,LAB_MEI,MEI_CAN,URL_CAN,LAB_ISO,LAB_URL,LAB_RAD,CAN_ALA,ALA_LAB,LAB_PNE,PNE_ISO,ISO_LAB,CAN_ISO,RAD_ALA,ALA_CAN,LAB_NER,NER_LAB,CAN_NER,NER_CAN,RAD_ANE,ANE_OPE
RAD_ISO,ISO_ISO,ISO_CAN,CAN_CAN,CAN_RAD,RAD_LAB,LAB_CAN,CAN_LAB,LAB_LAB,CAN_URL,URL_LAB,LAB_MEI,MEI_CAN,URL_CAN,LAB_ISO,LAB_URL,LAB_RAD,CAN_ALA,ALA_LAB,LAB_PNE,PNE_ISO,ISO_LAB,CAN_ISO,RAD_ALA,ALA_CAN,LAB_NER,NER_LAB,CAN_NER,NER_CAN,RAD_ANE,ANE_OPE
RAD_ISO,ISO_ISO,ISO_CAN,CAN_CAN,CAN_RAD,RAD_LAB,LAB_CAN,CAN_LAB,LAB_LAB,CAN_URL,URL_LAB,LAB_MEI,MEI_CAN,URL_CAN,LAB_ISO,LAB_URL,LAB_RAD,CAN_ALA,ALA_LAB,LAB_PNE,PNE_ISO,ISO_LAB,CAN_ISO,RAD_ALA,ALA_CAN,LAB_NER,NER_LAB,CAN_NER,NER_CAN,RAD_ANE,ANE_OPE
RAD_ISO,ISO_ISO,ISO_CAN,CAN_CAN,CAN_RAD,RAD_LAB,LAB_CAN,CAN_LAB,LAB_LAB,CAN_URL,URL_LAB,LAB_MEI,MEI_CAN,URL_CAN,LAB_ISO,LAB_URL,LAB_RAD,CAN_ALA,ALA_LAB,LAB_PNE,PNE_ISO,ISO_LAB,CAN_ISO,RAD_ALA,ALA_CAN,LAB_NER,NER_LAB,CAN_NER,NER_CAN,RAD_ANE,ANE_OPE
RAD_ISO,ISO_ISO,ISO_CAN,CAN_CAN,CAN_RAD,RAD_LAB,LAB_CAN,CAN_LAB,LAB_LAB,CAN_URL,URL_LAB,LAB_MEI,MEI_CAN,URL_CAN,LAB_ISO,LAB_URL,LAB_RAD,CAN_ALA,ALA_LAB,LAB_PNE,PNE_ISO,ISO_LAB,CAN_ISO,RAD_ALA,ALA_CAN,LAB_NER,NER_LAB,CAN_NER,NER_CAN,RAD_ANE,ANE_OPE
RAD_ISO,ISO_ISO,ISO_CAN,CAN_CAN,CAN_RAD,RAD_LAB,LAB_CAN,CAN_LAB,LAB_LAB,CAN_URL,URL_LAB,LAB_MEI,MEI_CAN,URL_CAN,LAB_ISO,LAB_URL,LAB_RAD,CAN_ALA,ALA_LAB,LAB_PNE,PNE_ISO,ISO_LAB,CAN_ISO,RAD_ALA,ALA_CAN,LAB_NER,NER_LAB,CAN_NER,NER_CAN,RAD_ANE,ANE_OPE
RAD_ISO,ISO_ISO,ISO_CAN,CAN_CAN,CAN_RAD,RAD_LAB,LAB_CAN,CAN_LAB,LAB_LAB,CAN_URL,URL_LAB,LAB_MEI,MEI_CAN,URL_CAN,LAB_ISO,LAB_URL,LAB_RAD,CAN_ALA,ALA_LAB,LAB_PNE,PNE_ISO,ISO_LAB,CAN_ISO,RAD_ALA,ALA_CAN,LAB_NER,NER_LAB,CAN_NER,NER_CAN,RAD_ANE,ANE_OPE
RAD_ISO,ISO_ISO,ISO_CAN,CAN_CAN,CAN_RAD,RAD_LAB,LAB_CAN,CAN_LAB,LAB_LAB,CAN_URL,URL_LAB,LAB_MEI,MEI_CAN,URL_CAN,LAB_ISO,LAB_URL,LAB_RAD,CAN_ALA,ALA_LAB,LAB_PNE,PNE_ISO,ISO_LAB,CAN_ISO,RAD_ALA,ALA_CAN,LAB_NER,NER_LAB,CAN_NER,NER_CAN,RAD_ANE,ANE_OPE
RAD_ISO,ISO_ISO,ISO_CAN,CAN_CAN,CAN_RAD,RAD_LAB,LAB_CAN,CAN_LAB,LAB_LAB,CAN_URL,URL_LAB,LAB_MEI,MEI_CAN,URL_CAN,LAB_ISO,LAB_URL,LAB_RAD,CAN_ALA,ALA_LAB,LAB_PNE,PNE_ISO,ISO_LAB,CAN_ISO,RAD_ALA,ALA_CAN,LAB_NER,NER_LAB,CAN_NER,NER_CAN,RAD_ANE,ANE_OPE
RAD_ISO,ISO_ISO,ISO_CAN,CAN_CAN,CAN_RAD,RAD_LAB,LAB_CAN,CAN_LAB,LAB_LAB,CAN_URL,URL_LAB,LAB_MEI,MEI_CAN,URL_CAN,LAB_ISO,LAB_URL,LAB_RAD,CAN_ALA,ALA_LAB,LAB_PNE,PNE_ISO,ISO_LAB,CAN_ISO,RAD_ALA,ALA_CAN,LAB_NER,NER_LAB,CAN_NER,NER_CAN,RAD_ANE,ANE_OPE
RAD_ISO,ISO_ISO,ISO_CAN,CAN_CAN,CAN_RAD,RAD_LAB,LAB_CAN,CAN_LAB,LAB_LAB,CAN_URL,URL_LAB,LAB_MEI,MEI_CAN,URL_CAN,LAB_ISO,LAB_URL,LAB_RAD,CAN_ALA,ALA_LAB,LAB_PNE,PNE_ISO,ISO_LAB,CAN_ISO,RAD_ALA,ALA_CAN,LAB_NER,NER_LAB,CAN_NER,NER_CAN,RAD_ANE,ANE_OPE
RAD_ISO,ISO_ISO,ISO_CAN,CAN_CAN,CAN_RAD,RAD_LAB,LAB_CAN,CAN_LAB,LAB_LAB,CAN_URL,URL_LAB,LAB_MEI,MEI_CAN,URL_CAN,LAB_ISO,LAB_URL,LAB_RAD,CAN_ALA,ALA_LAB,LAB_PNE,PNE_ISO,ISO_LAB,CAN_ISO,RAD_ALA,ALA_CAN,LAB_NER,NER_LAB,CAN_NER,NER_CAN,RAD_ANE,ANE_OPE
RAD_ISO,ISO_ISO,ISO_CAN,CAN_CAN,CAN_RAD,RAD_LAB,LAB_CAN,CAN_LAB,LAB_LAB,CAN_URL,URL_LAB,LAB_MEI,MEI_CAN,URL_CAN,LAB_ISO,LAB_URL,LAB_RAD,CAN_ALA,ALA_LAB,LAB_PNE,PNE_ISO,ISO_LAB,CAN_ISO,RAD_ALA,ALA_CAN,LAB_NER,NER_LAB,CAN_NER,NER_CAN,RAD_ANE,ANE_OPE
RAD_ISO,ISO_ISO,ISO_CAN,CAN_CAN,CAN_RAD,RAD_LAB,LAB_CAN,CAN_LAB,LAB_LAB,CAN_URL,URL_LAB,LAB_MEI,MEI_CAN,URL_CAN,LAB_ISO,LAB_URL,LAB_RAD,CAN_ALA,ALA_LAB,LAB_PNE,PNE_ISO,ISO_LAB,CAN_ISO,RAD_ALA,ALA_CAN,LAB_NER,NER_LAB,CAN_NER,NER_CAN,RAD_ANE,ANE_OPE
RAD_ISO,ISO_ISO,ISO_CAN,CAN_CAN,CAN_RAD,RAD_LAB,LAB_CAN,CAN_LAB,LAB_LAB,CAN_URL,URL_LAB,LAB_MEI,MEI_CAN,URL_CAN,LAB_ISO,LAB_URL,LAB_RAD,CAN_ALA,ALA_LAB,LAB_PNE,PNE_ISO,ISO_LAB,CAN_ISO,RAD_ALA,ALA_CAN,LAB_NER,NER_LAB,CAN_NER,NER_CAN,RAD_ANE,ANE_OPE
RAD_ISO,ISO_ISO,ISO_CAN,CAN_CAN,CAN_RAD,RAD_LAB,LAB_CAN,CAN_LAB,LAB_LAB,CAN_URL,URL_LAB,LAB_MEI,MEI_CAN,URL_CAN,LAB_ISO,LAB_URL,LAB_RAD,CAN_ALA,ALA_LAB,LAB_PNE,PNE_ISO,ISO_LAB,CAN_ISO,RAD_ALA,ALA_CAN,LAB_NER,NER_LAB,CAN_NER,NER_CAN,RAD_ANE,ANE_OPE
RAD_ISO,ISO_ISO,ISO_CAN,CAN_CAN,CAN_RAD,RAD_LAB,LAB_CAN,CAN_LAB,LAB_LAB,CAN_URL,URL_LAB,LAB_MEI,MEI_CAN,URL_CAN,LAB_ISO,LAB_URL,LAB_RAD,CAN_ALA,ALA_LAB,LAB_PNE,PNE_ISO,ISO_LAB,CAN_ISO,RAD_ALA,ALA_CAN,LAB_NER,NER_LAB,CAN_NER,NER_CAN,RAD_ANE,ANE_OPE
RAD_ISO,ISO_ISO,ISO_CAN,CAN_CAN,CAN_RAD,RAD_LAB,LAB_CAN,CAN_LAB,LAB_LAB,CAN_URL,URL_LAB,LAB_MEI,MEI_CAN,URL_CAN,LAB_ISO,LAB_URL,LAB_RAD,CAN_ALA,ALA_LAB,LAB_PNE,PNE_ISO,ISO_LAB,CAN_ISO,RAD_ALA,ALA_CAN,LAB_NER,NER_LAB,CAN_NER,NER_CAN,RAD_ANE,ANE_OPE
RAD_ISO,ISO_ISO,ISO_CAN,CAN_CAN,CAN_RAD,RAD_LAB,LAB_CAN,CAN_LAB,LAB_LAB,CAN_URL,URL_LAB,LAB_MEI,MEI_CAN,URL_CAN,LAB_ISO,LAB_URL,LAB_RAD,CAN_ALA,ALA_LAB,LAB_PNE,PNE_ISO,ISO_LAB,CAN_ISO,RAD_ALA,ALA_CAN,LAB_NER,NER_LAB,CAN_NER,NER_CAN,RAD_ANE,ANE_OPE
RAD_ISO,ISO_ISO,ISO_CAN,CAN_CAN,CAN_RAD,RAD_LAB,LAB_CAN,CAN_LAB,LAB_LAB,CAN_URL,URL_LAB,LAB_MEI,MEI_CAN,URL_CAN,LAB_ISO,LAB_URL,LAB_RAD,CAN_ALA,ALA_LAB,LAB_PNE,PNE_ISO,ISO_LAB,CAN_ISO,RAD_ALA,ALA_CAN,LAB_NER,NER_LAB,CAN_NER,NER_CAN,RAD_ANE,ANE_OPE
RAD_ISO,ISO_ISO,ISO_CAN,CAN_CAN,CAN_RAD,RAD_LAB,LAB_CAN,CAN_LAB,LAB_LAB,CAN_URL,URL_LAB,LAB_MEI,MEI_CAN,URL_CAN,LAB_ISO,LAB_URL,LAB_RAD,CAN_ALA,ALA_LAB,LAB_PNE,PNE_ISO,ISO_LAB,CAN_ISO,RAD_ALA,ALA_CAN,LAB_NER,NER_LAB,CAN_NER,NER_CAN,RAD_ANE,ANE_OPE
RAD_ISO,ISO_ISO,ISO_CAN,CAN_CAN,CAN_RAD,RAD_LAB,LAB_CAN,CAN_LAB,LAB_LAB,CAN_URL,URL_LAB,LAB_MEI,MEI_CAN,URL_CAN,LAB_ISO,LAB_URL,LAB_RAD,CAN_ALA,ALA_LAB,LAB_PNE,PNE_ISO,ISO_LAB,CAN_ISO,RAD_ALA,ALA_CAN,LAB_NER,NER_LAB,CAN_NER,NER_CAN,RAD_ANE,ANE_OPE
RAD_ISO,ISO_ISO,ISO_CAN,CAN_CAN,CAN_RAD,RAD_LAB,LAB_CAN,CAN_LAB,LAB_LAB,CAN_URL,URL_LAB,LAB_MEI,MEI_CAN,URL_CAN,LAB_ISO,LAB_URL,LAB_RAD,CAN_ALA,ALA_LAB,LAB_PNE,PNE_ISO,ISO_LAB,CAN_ISO,RAD_ALA,ALA_CAN,LAB_NER,NER_LAB,CAN_NER,NER_CAN,RAD_ANE,ANE_OPE
RAD_ISO,ISO_ISO,ISO_CAN,CAN_CAN,CAN_RAD,RAD_LAB,LAB_CAN,CAN_LAB,LAB_LAB,CAN_URL,URL_LAB,LAB_MEI,MEI_CAN,URL_CAN,LAB_ISO,LAB_URL,LAB_RAD,CAN_ALA,ALA_LAB,LAB_PNE,PNE_ISO,ISO_LAB,CAN_ISO,RAD_ALA,ALA_CAN,LAB_NER,NER_LAB,CAN_NER,NER_CAN,RAD_ANE,ANE_OPE
RAD_ISO,ISO_ISO,ISO_CAN,CAN_CAN,CAN_RAD,RAD_LAB,LAB_CAN,CAN_LAB,LAB_LAB,CAN_URL,URL_LAB,LAB_MEI,MEI_CAN,URL_CAN,LAB_ISO,LAB_URL,LAB_RAD,CAN_ALA,ALA_LAB,LAB_PNE,PNE_ISO,ISO_LAB,CAN_ISO,RAD_ALA,ALA_CAN,LAB_NER,NER_LAB,CAN_NER,NER_CAN,RAD_ANE,ANE_OPE
RAD_ISO,ISO_ISO,ISO_CAN,CAN_CAN,CAN_RAD,RAD_LAB,LAB_CAN,CAN_LAB,LAB_LAB,CAN_URL,URL_LAB,LAB_MEI,MEI_CAN,URL_CAN,LAB_ISO,LAB_URL,LAB_RAD,CAN_ALA,ALA_LAB,LAB_PNE,PNE_ISO,ISO_LAB,CAN_ISO,RAD_ALA,ALA_CAN,LAB_NER,NER_LAB,CAN_NER,NER_CAN,RAD_ANE,ANE_OPE
RAD_ISO,ISO_ISO,ISO_CAN,CAN_CAN,CAN_RAD,RAD_LAB,LAB_CAN,CAN_LAB,LAB_LAB,CAN_URL,URL_LAB,LAB_MEI,MEI_CAN,URL_CAN,LAB_ISO,LAB_URL,LAB_RAD,CAN_ALA,ALA_LAB,LAB_PNE,PNE_ISO,ISO_LAB,CAN_ISO,RAD_ALA,ALA_CAN,LAB_NER,NER_LAB,CAN_NER,NER_CAN,RAD_ANE,ANE_OPE
RAD_ISO,ISO_ISO,ISO_CAN,CAN_CAN,CAN_RAD,RAD_LAB,LAB_CAN,CAN_LAB,LAB_LAB,CAN_URL,URL_LAB,LAB_MEI,MEI_CAN,URL_CAN,LAB_ISO,LAB_URL,LAB_RAD,CAN_ALA,ALA_LAB,LAB_PNE,PNE_ISO,ISO_LAB,CAN_ISO,RAD_ALA,ALA_CAN,LAB_NER,NER_LAB,CAN_NER,NER_CAN,RAD_ANE,ANE_OPE
RAD_ISO,ISO_ISO,ISO_CAN,CAN_CAN,CAN_RAD,RAD_LAB,LAB_CAN,CAN_LAB,LAB_LAB,CAN_URL,URL_LAB,LAB_MEI,MEI_CAN,URL_CAN,LAB_ISO,LAB_URL,LAB_RAD,CAN_ALA,ALA_LAB,LAB_PNE,PNE_ISO,ISO_LAB,CAN_ISO,RAD_ALA,ALA_CAN,LAB_NER,NER_LAB,CAN_NER,NER_CAN,RAD_ANE,ANE_OPE
RAD_ISO,ISO_ISO,ISO_CAN,CAN_CAN,CAN_RAD,RAD_LAB,LAB_CAN,CAN_LAB,LAB_LAB,CAN_URL,URL_LAB,LAB_MEI,MEI_CAN,URL_CAN,LAB_ISO,LAB_URL,LAB_RAD,CAN_ALA,ALA_LAB,LAB_PNE,PNE_ISO,ISO_LAB,CAN_ISO,RAD_ALA,ALA_CAN,LAB_NER,NER_LAB,CAN_NER,NER_CAN,RAD_ANE,ANE_OPE
RAD_ISO,ISO_ISO,ISO_CAN,CAN_CAN,CAN_RAD,RAD_LAB,LAB_CAN,CAN_LAB,LAB_LAB,CAN_URL,URL_LAB,LAB_MEI,MEI_CAN,URL_CAN,LAB_ISO,LAB_URL,LAB_RAD,CAN_ALA,ALA_LAB,LAB_PNE,PNE_ISO,ISO_LAB,CAN_ISO,RAD_ALA,ALA_CAN,LAB_NER,NER_LAB,CAN_NER,NER_CAN,RAD_ANE,ANE_OPE
RAD_ISO,ISO_ISO,ISO_CAN,CAN_CAN,CAN_RAD,RAD_LAB,LAB_CAN,CAN_LAB,LAB_LAB,CAN_URL,URL_LAB,LAB_MEI,MEI_CAN,URL_CAN,LAB_ISO,LAB_URL,LAB_RAD,CAN_ALA,ALA_LAB,LAB_PNE,PNE_ISO,ISO_LAB,CAN_ISO,RAD_ALA,ALA_CAN,LAB_NER,NER_LAB,CAN_NER,NER_CAN,RAD_ANE,ANE_OPE
RAD_ISO,ISO_ISO,ISO_CAN,CAN_CAN,CAN_RAD,RAD_LAB,LAB_CAN,CAN_LAB,LAB_LAB,CAN_URL,URL_LAB,LAB_MEI,MEI_CAN,URL_CAN,LAB_ISO,LAB_URL,LAB_RAD,CAN_ALA,ALA_LAB,LAB_PNE,PNE_ISO,ISO_LAB,CAN_ISO,RAD_ALA,ALA_CAN,LAB_NER,NER_LAB,CAN_NER,NER_CAN,RAD_ANE,ANE_OPE
RAD_ISO,ISO_ISO,ISO_CAN,CAN_CAN,CAN_RAD,RAD_LAB,LAB_CAN,CAN_LAB,LAB_LAB,CAN_URL,URL_LAB,LAB_MEI,MEI_CAN,URL_CAN,LAB_ISO,LAB_URL,LAB_RAD,CAN_ALA,ALA_LAB,LAB_PNE,PNE_ISO,ISO_LAB,CAN_ISO,RAD_ALA,ALA_CAN,LAB_NER,NER_LAB,CAN_NER,NER_CAN,RAD_ANE,ANE_OPE
RAD_ISO,ISO_ISO,ISO_CAN,CAN_CAN,CAN_RAD,RAD_LAB,LAB_CAN,CAN_LAB,LAB_LAB,CAN_URL,URL_LAB,LAB_MEI,MEI_CAN,URL_CAN,LAB_ISO,LAB_URL,LAB_RAD,CAN_ALA,ALA_LAB,LAB_PNE,PNE_ISO,ISO_LAB,CAN_ISO,RAD_ALA,ALA_CAN,LAB_NER,NER_LAB,CAN_NER,NER_CAN,RAD_ANE,ANE_OPE
RAD_ISO,ISO_ISO,ISO_CAN,CAN_CAN,CAN_RAD,RAD_LAB,LAB_CAN,CAN_LAB,LAB_LAB,CAN_URL,URL_LAB,LAB_MEI,MEI_CAN,URL_CAN,LAB_ISO,LAB_URL,LAB_RAD,CAN_ALA,ALA_LAB,LAB_PNE,PNE_ISO,ISO_LAB,CAN_ISO,RAD_ALA,ALA_CAN,LAB_NER,NER_LAB,CAN_NER,NER_CAN,RAD_ANE,ANE_OPE
RAD_ISO,ISO_ISO,ISO_CAN,CAN_CAN,CAN_RAD,RAD_LAB,LAB_CAN,CAN_LAB,LAB_LAB,CAN_URL,URL_LAB,LAB_MEI,MEI_CAN,URL_CAN,LAB_ISO,LAB_URL,LAB_RAD,CAN_ALA,ALA_LAB,LAB_PNE,PNE_ISO,ISO_LAB,CAN_ISO,RAD_ALA,ALA_CAN,LAB_NER,NER_LAB,CAN_NER,NER_CAN,RAD_ANE,ANE_OPE
RAD_ISO,ISO_ISO,ISO_CAN,CAN_CAN,CAN_RAD,RAD_LAB,LAB_CAN,CAN_LAB,LAB_LAB,CAN_URL,URL_LAB,LAB_MEI,MEI_CAN,URL_CAN,LAB_ISO,LAB_URL,LAB_RAD,CAN_ALA,ALA_LAB,LAB_PNE,PNE_ISO,ISO_LAB,CAN_ISO,RAD_ALA,ALA_CAN,LAB_NER,NER_LAB,CAN_NER,NER_CAN,RAD_ANE,ANE_OPE
RAD_ISO,ISO_ISO,ISO_CAN,CAN_CAN,CAN_RAD,RAD_LAB,LAB_CAN,CAN_LAB,LAB_LAB,CAN_URL,URL_LAB,LAB_MEI,MEI_CAN,URL_CAN,LAB_ISO,LAB_URL,LAB_RAD,CAN_ALA,ALA_LAB,LAB_PNE,PNE_ISO,ISO_LAB,CAN_ISO,RAD_ALA,ALA_CAN,LAB_NER,NER_LAB,CAN_NER,NER_CAN,RAD_ANE,ANE_OPE
RAD_ISO,ISO_ISO,ISO_CAN,CAN_CAN,CAN_RAD,RAD_LAB,LAB_CAN,CAN_LAB,LAB_LAB,CAN_URL,URL_LAB,LAB_MEI,MEI_CAN,URL_CAN,LAB_ISO,LAB_URL,LAB_RAD,CAN_ALA,ALA_LAB,LAB_PNE,PNE_ISO,ISO_LAB,CAN_ISO,RAD_ALA,ALA_CAN,LAB_NER,NER_LAB,CAN_NER,NER_CAN,RAD_ANE,ANE_OPE
RAD_ISO,ISO_ISO,ISO_CAN,CAN_CAN,CAN_RAD,RAD_LAB,LAB_CAN,CAN_LAB,LAB_LAB,CAN_URL,URL_LAB,LAB_MEI,MEI_CAN,URL_CAN,LAB_ISO,LAB_URL,LAB_RAD,CAN_ALA,ALA_LAB,LAB_PNE,PNE_ISO,ISO_LAB,CAN_ISO,RAD_ALA,ALA_CAN,LAB_NER,NER_LAB,CAN_NER,NER_CAN,RAD_ANE,ANE_OPE
RAD_ISO,ISO_ISO,ISO_CAN,CAN_CAN,CAN_RAD,RAD_LAB,LAB_CAN,CAN_LAB,LAB_LAB,CAN_URL,URL_LAB,LAB_MEI,MEI_CAN,URL_CAN,LAB_ISO,LAB_URL,LAB_RAD,CAN_ALA,ALA_LAB,LAB_PNE,PNE_ISO,ISO_LAB,CAN_ISO,RAD_ALA,ALA_CAN,LAB_NER,NER_LAB,CAN_NER,NER_CAN,RAD_ANE,ANE_OPE
RAD_ISO,ISO_ISO,ISO_CAN,CAN_CAN,CAN_RAD,RAD_LAB,LAB_CAN,CAN_LAB,LAB_LAB,CAN_URL,URL_LAB,LAB_MEI,MEI_CAN,URL_CAN,LAB_ISO,LAB_URL,LAB_RAD,CAN_ALA,ALA_LAB,LAB_PNE,PNE_ISO,ISO_LAB,CAN_ISO,RAD_ALA,ALA_CAN,LAB_NER,NER_LAB,CAN_NER,NER_CAN,RAD_ANE,ANE_OPE
RAD_ISO,ISO_ISO,ISO_CAN,CAN_CAN,CAN_RAD,RAD_LAB,LAB_CAN,CAN_LAB,LAB_LAB,CAN_URL,URL_LAB,LAB_MEI,MEI_CAN,URL_CAN,LAB_ISO,LAB_URL,LAB_RAD,CAN_ALA,ALA_LAB,LAB_PNE,PNE_ISO,ISO_LAB,CAN_ISO,RAD_ALA,ALA_CAN,LAB_NER,NER_LAB,CAN_NER,NER_CAN,RAD_ANE,ANE_OPE
RAD_ISO,ISO_ISO,ISO_CAN,CAN_CAN,CAN_RAD,RAD_LAB,LAB_CAN,CAN_LAB,LAB_LAB,CAN_URL,URL_LAB,LAB_MEI,MEI_CAN,URL_CAN,LAB_ISO,LAB_URL,LAB_RAD,CAN_ALA,ALA_LAB,LAB_PNE,PNE_ISO,ISO_LAB,CAN_ISO,RAD_ALA,ALA_CAN,LAB_NER,NER_LAB,CAN_NER,NER_CAN,RAD_ANE,ANE_OPE
RAD_ISO,ISO_ISO,ISO_CAN,CAN_CAN,CAN_RAD,RAD_LAB,LAB_CAN,CAN_LAB,LAB_LAB,CAN_URL,URL_LAB,LAB_MEI,MEI_CAN,URL_CAN,LAB_ISO,LAB_URL,LAB_RAD,CAN_ALA,ALA_LAB,LAB_PNE,PNE_ISO,ISO_LAB,CAN_ISO,RAD_ALA,ALA_CAN,LAB_NER,NER_LAB,CAN_NER,NER_CAN,RAD_ANE,ANE_OPE
RAD_ISO,ISO_ISO,ISO_CAN,CAN_CAN,CAN_RAD,RAD_LAB,LAB_CAN,CAN_LAB,LAB_LAB,CAN_URL,URL_LAB,LAB_MEI,MEI_CAN,URL_CAN,LAB_ISO,LAB_URL,LAB_RAD,CAN_ALA,ALA_LAB,LAB_PNE,PNE_ISO,ISO_LAB,CAN_ISO,RAD_ALA,ALA_CAN,LAB_NER,NER_LAB,CAN_NER,NER_CAN,RAD_ANE,ANE_OPE
RAD_ISO,ISO_ISO,ISO_CAN,CAN_CAN,CAN_RAD,RAD_LAB,LAB_CAN,CAN_LAB,LAB_LAB,CAN_URL,URL_LAB,LAB_MEI,MEI_CAN,URL_CAN,LAB_ISO,LAB_URL,LAB_RAD,CAN_ALA,ALA_LAB,LAB_PNE,PNE_ISO,ISO_LAB,CAN_ISO,RAD_ALA,ALA_CAN,LAB_NER,NER_LAB,CAN_NER,NER_CAN,RAD_ANE,ANE_OPE
RAD_ISO,ISO_ISO,ISO_CAN,CAN_CAN,CAN_RAD,RAD_LAB,LAB_CAN,CAN_LAB,LAB_LAB,CAN_URL,URL_LAB,LAB_MEI,MEI_CAN,URL_CAN,LAB_ISO,LAB_URL,LAB_RAD,CAN_ALA,ALA_LAB,LAB_PNE,PNE_ISO,ISO_LAB,CAN_ISO,RAD_ALA,ALA_CAN,LAB_NER,NER_LAB,CAN_NER,NER_CAN,RAD_ANE,ANE_OPE
RAD_ISO,ISO_ISO,ISO_CAN,CAN_CAN,CAN_RAD,RAD_LAB,LAB_CAN,CAN_LAB,LAB_LAB,CAN_URL,URL_LAB,LAB_MEI,MEI_CAN,URL_CAN,LAB_ISO,LAB_URL,LAB_RAD,CAN_ALA,ALA_LAB,LAB_PNE,PNE_ISO,ISO_LAB,CAN_ISO,RAD_ALA,ALA_CAN,LAB_NER,NER_LAB,CAN_NER,NER_CAN,RAD_ANE,ANE_OPE
RAD_ISO,ISO_ISO,ISO_CAN,CAN_CAN,CAN_RAD,RAD_LAB,LAB_CAN,CAN_LAB,LAB_LAB,CAN_URL,URL_LAB,LAB_MEI,MEI_CAN,URL_CAN,LAB_ISO,LAB_URL,LAB_RAD,CAN_ALA,ALA_LAB,LAB_PNE,PNE_ISO,ISO_LAB,CAN_ISO,RAD_ALA,ALA_CAN,LAB_NER,NER_LAB,CAN_NER,NER_CAN,RAD_ANE,ANE_OPE
RAD_ISO,ISO_ISO,ISO_CAN,CAN_CAN,CAN_RAD,RAD_LAB,LAB_CAN,CAN_LAB,LAB_LAB,CAN_URL,URL_LAB,LAB_MEI,MEI_CAN,URL_CAN,LAB_ISO,LAB_URL,LAB_RAD,CAN_ALA,ALA_LAB,LAB_PNE,PNE_ISO,ISO_LAB,CAN_ISO,RAD_ALA,ALA_CAN,LAB_NER,NER_LAB,CAN_NER,NER_CAN,RAD_ANE,ANE_OPE
RAD_ISO,ISO_ISO,ISO_CAN,CAN_CAN,CAN_RAD,RAD_LAB,LAB_CAN,CAN_LAB,LAB_LAB,CAN_URL,URL_LAB,LAB_MEI,MEI_CAN,URL_CAN,LAB_ISO,LAB_URL,LAB_RAD,CAN_ALA,ALA_LAB,LAB_PNE,PNE_ISO,ISO_LAB,CAN_ISO,RAD_ALA,ALA_CAN,LAB_NER,NER_LAB,CAN_NER,NER_CAN,RAD_ANE,ANE_OPE
RAD_ISO,ISO_ISO,ISO_CAN,CAN_CAN,CAN_RAD,RAD_LAB,LAB_CAN,CAN_LAB,LAB_LAB,CAN_URL,URL_LAB,LAB_MEI,MEI_CAN,URL_CAN,LAB_ISO,LAB_URL,LAB_RAD,CAN_ALA,ALA_LAB,LAB_PNE,PNE_ISO,ISO_LAB,CAN_ISO,RAD_ALA,ALA_CAN,LAB_NER,NER_LAB,CAN_NER,NER_CAN,RAD_ANE,ANE_OPE
RAD_ISO,ISO_ISO,ISO_CAN,CAN_CAN,CAN_RAD,RAD_LAB,LAB_CAN,CAN_LAB,LAB_LAB,CAN_URL,URL_LAB,LAB_MEI,MEI_CAN,URL_CAN,LAB_ISO,LAB_URL,LAB_RAD,CAN_ALA,ALA_LAB,LAB_PNE,PNE_ISO,ISO_LAB,CAN_ISO,RAD_ALA,ALA_CAN,LAB_NER,NER_LAB,CAN_NER,NER_CAN,RAD_ANE,ANE_OPE
RAD_ISO,ISO_ISO,ISO_CAN,CAN_CAN,CAN_RAD,RAD_LAB,LAB_CAN,CAN_LAB,LAB_LAB,CAN_URL,URL_LAB,LAB_MEI,MEI_CAN,URL_CAN,LAB_ISO,LAB_URL,LAB_RAD,CAN_ALA,ALA_LAB,LAB_PNE,PNE_ISO,ISO_LAB,CAN_ISO,RAD_ALA,ALA_CAN,LAB_NER,NER_LAB,CAN_NER,NER_CAN,RAD_ANE,ANE_OPE
RAD_ISO,ISO_ISO,ISO_CAN,CAN_CAN,CAN_RAD,RAD_LAB,LAB_CAN,CAN_LAB,LAB_LAB,CAN_URL,URL_LAB,LAB_MEI,MEI_CAN,URL_CAN,LAB_ISO,LAB_URL,LAB_RAD,CAN_ALA,ALA_LAB,LAB_PNE,PNE_ISO,ISO_LAB,CAN_ISO,RAD_ALA,ALA_CAN,LAB_NER,NER_LAB,CAN_NER,NER_CAN,RAD_ANE,ANE_OPE
RAD_ISO,ISO_ISO,ISO_CAN,CAN_CAN,CAN_RAD,RAD_LAB,LAB_CAN,CAN_LAB,LAB_LAB,CAN_URL,URL_LAB,LAB_MEI,MEI_CAN,URL_CAN,LAB_ISO,LAB_URL,LAB_RAD,CAN_ALA,ALA_LAB,LAB_PNE,PNE_ISO,ISO_LAB,CAN_ISO,RAD_ALA,ALA_CAN,LAB_NER,NER_LAB,CAN_NER,NER_CAN,RAD_ANE,ANE_OPE
RAD_ISO,ISO_ISO,ISO_CAN,CAN_CAN,CAN_RAD,RAD_LAB,LAB_CAN,CAN_LAB,LAB_LAB,CAN_URL,URL_LAB,LAB_MEI,MEI_CAN,URL_CAN,LAB_ISO,LAB_URL,LAB_RAD,CAN_ALA,ALA_LAB,LAB_PNE,PNE_ISO,ISO_LAB,CAN_ISO,RAD_ALA,ALA_CAN,LAB_NER,NER_LAB,CAN_NER,NER_CAN,RAD_ANE,ANE_OPE
RAD_ISO,ISO_ISO,ISO_CAN,CAN_CAN,CAN_RAD,RAD_LAB,LAB_CAN,CAN_LAB,LAB_LAB,CAN_URL,URL_LAB,LAB_MEI,MEI_CAN,URL_CAN,LAB_ISO,LAB_URL,LAB_RAD,CAN_ALA,ALA_LAB,LAB_PNE,PNE_ISO,ISO_LAB,CAN_ISO,RAD_ALA,ALA_CAN,LAB_NER,NER_LAB,CAN_NER,NER_CAN,RAD_ANE,ANE_OPE
RAD_ISO,ISO_ISO,ISO_CAN,CAN_CAN,CAN_RAD,RAD_LAB,LAB_CAN,CAN_LAB,LAB_LAB,CAN_URL,URL_LAB,LAB_MEI,MEI_CAN,URL_CAN,LAB_ISO,LAB_URL,LAB_RAD,CAN_ALA,ALA_LAB,LAB_PNE,PNE_ISO,ISO_LAB,CAN_ISO,RAD_ALA,ALA_CAN,LAB_NER,NER_LAB,CAN_NER,NER_CAN,RAD_ANE,ANE_OPE
RAD_ISO,ISO_ISO,ISO_CAN,CAN_CAN,CAN_RAD,RAD_LAB,LAB_CAN,CAN_LAB,LAB_LAB,CAN_URL,URL_LAB,LAB_MEI,MEI_CAN,URL_CAN,LAB_ISO,LAB_URL,LAB_RAD,CAN_ALA,ALA_LAB,LAB_PNE,PNE_ISO,ISO_LAB,CAN_ISO,RAD_ALA,ALA_CAN,LAB_NER,NER_LAB,CAN_NER,NER_CAN,RAD_ANE,ANE_OPE
RAD_ISO,ISO_ISO,ISO_CAN,CAN_CAN,CAN_RAD,RAD_LAB,LAB_CAN,CAN_LAB,LAB_LAB,CAN_URL,URL_LAB,LAB_MEI,MEI_CAN,URL_CAN,LAB_ISO,LAB_URL,LAB_RAD,CAN_ALA,ALA_LAB,LAB_PNE,PNE_ISO,ISO_LAB,CAN_ISO,RAD_ALA,ALA_CAN,LAB_NER,NER_LAB,CAN_NER,NER_CAN,RAD_ANE,ANE_OPE
RAD_ISO,ISO_ISO,ISO_CAN,CAN_CAN,CAN_RAD,RAD_LAB,LAB_CAN,CAN_LAB,LAB_LAB,CAN_URL,URL_LAB,LAB_MEI,MEI_CAN,URL_CAN,LAB_ISO,LAB_URL,LAB_RAD,CAN_ALA,ALA_LAB,LAB_PNE,PNE_ISO,ISO_LAB,CAN_ISO,RAD_ALA,ALA_CAN,LAB_NER,NER_LAB,CAN_NER,NER_CAN,RAD_ANE,ANE_OPE
RAD_ISO,ISO_ISO,ISO_CAN,CAN_CAN,CAN_RAD,RAD_LAB,LAB_CAN,CAN_LAB,LAB_LAB,CAN_URL,URL_LAB,LAB_MEI,MEI_CAN,URL_CAN,LAB_ISO,LAB_URL,LAB_RAD,CAN_ALA,ALA_LAB,LAB_PNE,PNE_ISO,ISO_LAB,CAN_ISO,RAD_ALA,ALA_CAN,LAB_NER,NER_LAB,CAN_NER,NER_CAN,RAD_ANE,ANE_OPE
RAD_ISO,ISO_ISO,ISO_CAN,CAN_CAN,CAN_RAD,RAD_LAB,LAB_CAN,CAN_LAB,LAB_LAB,CAN_URL,URL_LAB,LAB_MEI,MEI_CAN,URL_CAN,LAB_ISO,LAB_URL,LAB_RAD,CAN_ALA,ALA_LAB,LAB_PNE,PNE_ISO,ISO_LAB,CAN_ISO,RAD_ALA,ALA_CAN,LAB_NER,NER_LAB,CAN_NER,NER_CAN,RAD_ANE,ANE_OPE
RAD_ISO,ISO_ISO,ISO_CAN,CAN_CAN,CAN_RAD,RAD_LAB,LAB_CAN,CAN_LAB,LAB_LAB,CAN_URL,URL_LAB,LAB_MEI,MEI_CAN,URL_CAN,LAB_ISO,LAB_URL,LAB_RAD,CAN_ALA,ALA_LAB,LAB_PNE,PNE_ISO,ISO_LAB,CAN_ISO,RAD_ALA,ALA_CAN,LAB_NER,NER_LAB,CAN_NER,NER_CAN,RAD_ANE,ANE_OPE
RAD_ISO,ISO_ISO,ISO_CAN,CAN_CAN,CAN_RAD,RAD_LAB,LAB_CAN,CAN_LAB,LAB_LAB,CAN_URL,URL_LAB,LAB_MEI,MEI_CAN,URL_CAN,LAB_ISO,LAB_URL,LAB_RAD,CAN_ALA,ALA_LAB,LAB_PNE,PNE_ISO,ISO_LAB,CAN_ISO,RAD_ALA,ALA_CAN,LAB_NER,NER_LAB,CAN_NER,NER_CAN,RAD_ANE,ANE_OPE
RAD_ISO,ISO_ISO,ISO_CAN,CAN_CAN,CAN_RAD,RAD_LAB,LAB_CAN,CAN_LAB,LAB_LAB,CAN_URL,URL_LAB,LAB_MEI,MEI_CAN,URL_CAN,LAB_ISO,LAB_URL,LAB_RAD,CAN_ALA,ALA_LAB,LAB_PNE,PNE_ISO,ISO_LAB,CAN_ISO,RAD_ALA,ALA_CAN,LAB_NER,NER_LAB,CAN_NER,NER_CAN,RAD_ANE,ANE_OPE
RAD_ISO,ISO_ISO,ISO_CAN,CAN_CAN,CAN_RAD,RAD_LAB,LAB_CAN,CAN_LAB,LAB_LAB,CAN_URL,URL_LAB,LAB_MEI,MEI_CAN,URL_CAN,LAB_ISO,LAB_URL,LAB_RAD,CAN_ALA,ALA_LAB,LAB_PNE,PNE_ISO,ISO_LAB,CAN_ISO,RAD_ALA,ALA_CAN,LAB_NER,NER_LAB,CAN_NER,NER_CAN,RAD_ANE,ANE_OPE
RAD_ISO,ISO_ISO,ISO_CAN,CAN_CAN,CAN_RAD,RAD_LAB,LAB_CAN,CAN_LAB,LAB_LAB,CAN_URL,URL_LAB,LAB_MEI,MEI_CAN,URL_CAN,LAB_ISO,LAB_URL,LAB_RAD,CAN_ALA,ALA_LAB,LAB_PNE,PNE_ISO,ISO_LAB,CAN_ISO,RAD_ALA,ALA_CAN,LAB_NER,NER_LAB,CAN_NER,NER_CAN,RAD_ANE,ANE_OPE
RAD_ISO,ISO_ISO,ISO_CAN,CAN_CAN,CAN_RAD,RAD_LAB,LAB_CAN,CAN_LAB,LAB_LAB,CAN_URL,URL_LAB,LAB_MEI,MEI_CAN,URL_CAN,LAB_ISO,LAB_URL,LAB_RAD,CAN_ALA,ALA_LAB,LAB_PNE,PNE_ISO,ISO_LAB,CAN_ISO,RAD_ALA,ALA_CAN,LAB_NER,NER_LAB,CAN_NER,NER_CAN,RAD_ANE,ANE_OPE
RAD_ISO,ISO_ISO,ISO_CAN,CAN_CAN,CAN_RAD,RAD_LAB,LAB_CAN,CAN_LAB,LAB_LAB,CAN_URL,URL_LAB,LAB_MEI,MEI_CAN,URL_CAN,LAB_ISO,LAB_URL,LAB_RAD,CAN_ALA,ALA_LAB,LAB_PNE,PNE_ISO,ISO_LAB,CAN_ISO,RAD_ALA,ALA_CAN,LAB_NER,NER_LAB,CAN_NER,NER_CAN,RAD_ANE,ANE_OPE
RAD_ISO,ISO_ISO,ISO_CAN,CAN_CAN,CAN_RAD,RAD_LAB,LAB_CAN,CAN_LAB,LAB_LAB,CAN_URL,URL_LAB,LAB_MEI,MEI_CAN,URL_CAN,LAB_ISO,LAB_URL,LAB_RAD,CAN_ALA,ALA_LAB,LAB_PNE,PNE_ISO,ISO_LAB,CAN_ISO,RAD_ALA,ALA_CAN,LAB_NER,NER_LAB,CAN_NER,NER_CAN,RAD_ANE,ANE_OPE
RAD_ISO,ISO_ISO,ISO_CAN,CAN_CAN,CAN_RAD,RAD_LAB,LAB_CAN,CAN_LAB,LAB_LAB,CAN_URL,URL_LAB,LAB_MEI,MEI_CAN,URL_CAN,LAB_ISO,LAB_URL,LAB_RAD,CAN_ALA,ALA_LAB,LAB_PNE,PNE_ISO,ISO_LAB,CAN_ISO,RAD_ALA,ALA_CAN,LAB_NER,NER_LAB,CAN_NER,NER_CAN,RAD_ANE,ANE_OPE
RAD_ISO,ISO_ISO,ISO_CAN,CAN_CAN,CAN_RAD,RAD_LAB,LAB_CAN,CAN_LAB,LAB_LAB,CAN_URL,URL_LAB,LAB_MEI,MEI_CAN,URL_CAN,LAB_ISO,LAB_URL,LAB_RAD,CAN_ALA,ALA_LAB,LAB_PNE,PNE_ISO,ISO_LAB,CAN_ISO,RAD_ALA,ALA_CAN,LAB_NER,NER_LAB,CAN_NER,NER_CAN,RAD_ANE,ANE_OPE
RAD_ISO,ISO_ISO,ISO_CAN,CAN_CAN,CAN_RAD,RAD_LAB,LAB_CAN,CAN_LAB,LAB_LAB,CAN_URL,URL_LAB,LAB_MEI,MEI_CAN,URL_CAN,LAB_ISO,LAB_URL,LAB_RAD,CAN_ALA,ALA_LAB,LAB_PNE,PNE_ISO,ISO_LAB,CAN_ISO,RAD_ALA,ALA_CAN,LAB_NER,NER_LAB,CAN_NER,NER_CAN,RAD_ANE,ANE_OPE
RAD_ISO,ISO_ISO,ISO_CAN,CAN_CAN,CAN_RAD,RAD_LAB,LAB_CAN,CAN_LAB,LAB_LAB,CAN_URL,URL_LAB,LAB_MEI,MEI_CAN,URL_CAN,LAB_ISO,LAB_URL,LAB_RAD,CAN_ALA,ALA_LAB,LAB_PNE,PNE_ISO,ISO_LAB,CAN_ISO,RAD_ALA,ALA_CAN,LAB_NER,NER_LAB,CAN_NER,NER_CAN,RAD_ANE,ANE_OPE
RAD_ISO,ISO_ISO,ISO_CAN,CAN_CAN,CAN_RAD,RAD_LAB,LAB_CAN,CAN_LAB,LAB_LAB,CAN_URL,URL_LAB,LAB_MEI,MEI_CAN,URL_CAN,LAB_ISO,LAB_URL,LAB_RAD,CAN_ALA,ALA_LAB,LAB_PNE,PNE_ISO,ISO_LAB,CAN_ISO,RAD_ALA,ALA_CAN,LAB_NER,NER_LAB,CAN_NER,NER_CAN,RAD_ANE,ANE_OPE
RAD_ISO,ISO_ISO,ISO_CAN,CAN_CAN,CAN_RAD,RAD_LAB,LAB_CAN,CAN_LAB,LAB_LAB,CAN_URL,URL_LAB,LAB_MEI,MEI_CAN,URL_CAN,LAB_ISO,LAB_URL,LAB_RAD,CAN_ALA,ALA_LAB,LAB_PNE,PNE_ISO,ISO_LAB,CAN_ISO,RAD_ALA,ALA_CAN,LAB_NER,NER_LAB,CAN_NER,NER_CAN,RAD_ANE,ANE_OPE
RAD_ISO,ISO_ISO,ISO_CAN,CAN_CAN,CAN_RAD,RAD_LAB,LAB_CAN,CAN_LAB,LAB_LAB,CAN_URL,URL_LAB,LAB_MEI,MEI_CAN,URL_CAN,LAB_ISO,LAB_URL,LAB_RAD,CAN_ALA,ALA_LAB,LAB_PNE,PNE_ISO,ISO_LAB,CAN_ISO,RAD_ALA,ALA_CAN,LAB_NER,NER_LAB,CAN_NER,NER_CAN,RAD_ANE,ANE_OPE
RAD_ISO,ISO_ISO,ISO_CAN,CAN_CAN,CAN_RAD,RAD_LAB,LAB_CAN,CAN_LAB,LAB_LAB,CAN_URL,URL_LAB,LAB_MEI,MEI_CAN,URL_CAN,LAB_ISO,LAB_URL,LAB_RAD,CAN_ALA,ALA_LAB,LAB_PNE,PNE_ISO,ISO_LAB,CAN_ISO,RAD_ALA,ALA_CAN,LAB_NER,NER_LAB,CAN_NER,NER_CAN,RAD_ANE,ANE_OPE
RAD_ISO,ISO_ISO,ISO_CAN,CAN_CAN,CAN_RAD,RAD_LAB,LAB_CAN,CAN_LAB,LAB_LAB,CAN_URL,URL_LAB,LAB_MEI,MEI_CAN,URL_CAN,LAB_ISO,LAB_URL,LAB_RAD,CAN_ALA,ALA_LAB,LAB_PNE,PNE_ISO,ISO_LAB,CAN_ISO,RAD_ALA,ALA_CAN,LAB_NER,NER_LAB,CAN_NER,NER_CAN,RAD_ANE,ANE_OPE
RAD_ISO,ISO_ISO,ISO_CAN,CAN_CAN,CAN_RAD,RAD_LAB,LAB_CAN,CAN_LAB,LAB_LAB,CAN_URL,URL_LAB,LAB_MEI,MEI_CAN,URL_CAN,LAB_ISO,LAB_URL,LAB_RAD,CAN_ALA,ALA_LAB,LAB_PNE,PNE_ISO,ISO_LAB,CAN_ISO,RAD_ALA,ALA_CAN,LAB_NER,NER_LAB,CAN_NER,NER_CAN,RAD_ANE,ANE_OPE
RAD_ISO,ISO_ISO,ISO_CAN,CAN_CAN,CAN_RAD,RAD_LAB,LAB_CAN,CAN_LAB,LAB_LAB,CAN_URL,URL_LAB,LAB_MEI,MEI_CAN,URL_CAN,LAB_ISO,LAB_URL,LAB_RAD,CAN_ALA,ALA_LAB,LAB_PNE,PNE_ISO,ISO_LAB,CAN_ISO,RAD_ALA,ALA_CAN,LAB_NER,NER_LAB,CAN_NER,NER_CAN,RAD_ANE,ANE_OPE
RAD_ISO,ISO_ISO,ISO_CAN,CAN_CAN,CAN_RAD,RAD_LAB,LAB_CAN,CAN_LAB,LAB_LAB,CAN_URL,URL_LAB,LAB_MEI,MEI_CAN,URL_CAN,LAB_ISO,LAB_URL,LAB_RAD,CAN_ALA,ALA_LAB,LAB_PNE,PNE_ISO,ISO_LAB,CAN_ISO,RAD_ALA,ALA_CAN,LAB_NER,NER_LAB,CAN_NER,NER_CAN,RAD_ANE,ANE_OPE
RAD_ISO,ISO_ISO,ISO_CAN,CAN_CAN,CAN_RAD,RAD_LAB,LAB_CAN,CAN_LAB,LAB_LAB,CAN_URL,URL_LAB,LAB_MEI,MEI_CAN,URL_CAN,LAB_ISO,LAB_URL,LAB_RAD,CAN_ALA,ALA_LAB,LAB_PNE,PNE_ISO,ISO_LAB,CAN_ISO,RAD_ALA,ALA_CAN,LAB_NER,NER_LAB,CAN_NER,NER_CAN,RAD_ANE,ANE_OPE
RAD_ISO,ISO_ISO,ISO_CAN,CAN_CAN,CAN_RAD,RAD_LAB,LAB_CAN,CAN_LAB,LAB_LAB,CAN_URL,URL_LAB,LAB_MEI,MEI_CAN,URL_CAN,LAB_ISO,LAB_URL,LAB_RAD,CAN_ALA,ALA_LAB,LAB_PNE,PNE_ISO,ISO_LAB,CAN_ISO,RAD_ALA,ALA_CAN,LAB_NER,NER_LAB,CAN_NER,NER_CAN,RAD_ANE,ANE_OPE
RAD_ISO,ISO_ISO,ISO_CAN,CAN_CAN,CAN_RAD,RAD_LAB,LAB_CAN,CAN_LAB,LAB_LAB,CAN_URL,URL_LAB,LAB_MEI,MEI_CAN,URL_CAN,LAB_ISO,LAB_URL,LAB_RAD,CAN_ALA,ALA_LAB,LAB_PNE,PNE_ISO,ISO_LAB,CAN_ISO,RAD_ALA,ALA_CAN,LAB_NER,NER_LAB,CAN_NER,NER_CAN,RAD_ANE,ANE_OPE
RAD_ISO,ISO_ISO,ISO_CAN,CAN_CAN,CAN_RAD,RAD_LAB,LAB_CAN,CAN_LAB,LAB_LAB,CAN_URL,URL_LAB,LAB_MEI,MEI_CAN,URL_CAN,LAB_ISO,LAB_URL,LAB_RAD,CAN_ALA,ALA_LAB,LAB_PNE,PNE_ISO,ISO_LAB,CAN_ISO,RAD_ALA,ALA_CAN,LAB_NER,NER_LAB,CAN_NER,NER_CAN,RAD_ANE,ANE_OPE
RAD_ISO,ISO_ISO,ISO_CAN,CAN_CAN,CAN_RAD,RAD_LAB,LAB_CAN,CAN_LAB,LAB_LAB,CAN_URL,URL_LAB,LAB_MEI,MEI_CAN,URL_CAN,LAB_ISO,LAB_URL,LAB_RAD,CAN_ALA,ALA_LAB,LAB_PNE,PNE_ISO,ISO_LAB,CAN_ISO,RAD_ALA,ALA_CAN,LAB_NER,NER_LAB,CAN_NER,NER_CAN,RAD_ANE,ANE_OPE
RAD_ISO,ISO_ISO,ISO_CAN,CAN_CAN,CAN_RAD,RAD_LAB,LAB_CAN,CAN_LAB,LAB_LAB,CAN_URL,URL_LAB,LAB_MEI,MEI_CAN,URL_CAN,LAB_ISO,LAB_URL,LAB_RAD,CAN_ALA,ALA_LAB,LAB_PNE,PNE_ISO,ISO_LAB,CAN_ISO,RAD_ALA,ALA_CAN,LAB_NER,NER_LAB,CAN_NER,NER_CAN,RAD_ANE,ANE_OPE
RAD_ISO,ISO_ISO,ISO_CAN,CAN_CAN,CAN_RAD,RAD_LAB,LAB_CAN,CAN_LAB,LAB_LAB,CAN_URL,URL_LAB,LAB_MEI,MEI_CAN,URL_CAN,LAB_ISO,LAB_URL,LAB_RAD,CAN_ALA,ALA_LAB,LAB_PNE,PNE_ISO,ISO_LAB,CAN_ISO,RAD_ALA,ALA_CAN,LAB_NER,NER_LAB,CAN_NER,NER_CAN,RAD_ANE,ANE_OPE
RAD_ISO,ISO_ISO,ISO_CAN,CAN_CAN,CAN_RAD,RAD_LAB,LAB_CAN,CAN_LAB,LAB_LAB,CAN_URL,URL_LAB,LAB_MEI,MEI_CAN,URL_CAN,LAB_ISO,LAB_URL,LAB_RAD,CAN_ALA,ALA_LAB,LAB_PNE,PNE_ISO,ISO_LAB,CAN_ISO,RAD_ALA,ALA_CAN,LAB_NER,NER_LAB,CAN_NER,NER_CAN,RAD_ANE,ANE_OPE
RAD_ISO,ISO_ISO,ISO_CAN,CAN_CAN,CAN_RAD,RAD_LAB,LAB_CAN,CAN_LAB,LAB_LAB,CAN_URL,URL_LAB,LAB_MEI,MEI_CAN,URL_CAN,LAB_ISO,LAB_URL,LAB_RAD,CAN_ALA,ALA_LAB,LAB_PNE,PNE_ISO,ISO_LAB,CAN_ISO,RAD_ALA,ALA_CAN,LAB_NER,NER_LAB,CAN_NER,NER_CAN,RAD_ANE,ANE_OPE
RAD_ISO,ISO_ISO,ISO_CAN,CAN_CAN,CAN_RAD,RAD_LAB,LAB_CAN,CAN_LAB,LAB_LAB,CAN_URL,URL_LAB,LAB_MEI,MEI_CAN,URL_CAN,LAB_ISO,LAB_URL,LAB_RAD,CAN_ALA,ALA_LAB,LAB_PNE,PNE_ISO,ISO_LAB,CAN_ISO,RAD_ALA,ALA_CAN,LAB_NER,NER_LAB,CAN_NER,NER_CAN,RAD_ANE,ANE_OPE
RAD_ISO,ISO_ISO,ISO_CAN,CAN_CAN,CAN_RAD,RAD_LAB,LAB_CAN,CAN_LAB,LAB_LAB,CAN_URL,URL_LAB,LAB_MEI,MEI_CAN,URL_CAN,LAB_ISO,LAB_URL,LAB_RAD,CAN_ALA,ALA_LAB,LAB_PNE,PNE_ISO,ISO_LAB,CAN_ISO,RAD_ALA,ALA_CAN,LAB_NER,NER_LAB,CAN_NER,NER_CAN,RAD_ANE,ANE_OPE
RAD_ISO,ISO_ISO,ISO_CAN,CAN_CAN,CAN_RAD,RAD_LAB,LAB_CAN,CAN_LAB,LAB_LAB,CAN_URL,URL_LAB,LAB_MEI,MEI_CAN,URL_CAN,LAB_ISO,LAB_URL,LAB_RAD,CAN_ALA,ALA_LAB,LAB_PNE,PNE_ISO,ISO_LAB,CAN_ISO,RAD_ALA,ALA_CAN,LAB_NER,NER_LAB,CAN_NER,NER_CAN,RAD_ANE,ANE_OPE
RAD_ISO,ISO_ISO,ISO_CAN,CAN_CAN,CAN_RAD,RAD_LAB,LAB_CAN,CAN_LAB,LAB_LAB,CAN_URL,URL_LAB,LAB_MEI,MEI_CAN,URL_CAN,LAB_ISO,LAB_URL,LAB_RAD,CAN_ALA,ALA_LAB,LAB_PNE,PNE_ISO,ISO_LAB,CAN_ISO,RAD_ALA,ALA_CAN,LAB_NER,NER_LAB,CAN_NER,NER_CAN,RAD_ANE,ANE_OPE
RAD_ISO,ISO_ISO,ISO_CAN,CAN_CAN,CAN_RAD,RAD_LAB,LAB_CAN,CAN_LAB,LAB_LAB,CAN_URL,URL_LAB,LAB_MEI,MEI_CAN,URL_CAN,LAB_ISO,LAB_URL,LAB_RAD,CAN_ALA,ALA_LAB,LAB_PNE,PNE_ISO,ISO_LAB,CAN_ISO,RAD_ALA,ALA_CAN,LAB_NER,NER_LAB,CAN_NER,NER_CAN,RAD_ANE,ANE_OPE
RAD_ISO,ISO_ISO,ISO_CAN,CAN_CAN,CAN_RAD,RAD_LAB,LAB_CAN,CAN_LAB,LAB_LAB,CAN_URL,URL_LAB,LAB_MEI,MEI_CAN,URL_CAN,LAB_ISO,LAB_URL,LAB_RAD,CAN_ALA,ALA_LAB,LAB_PNE,PNE_ISO,ISO_LAB,CAN_ISO,RAD_ALA,ALA_CAN,LAB_NER,NER_LAB,CAN_NER,NER_CAN,RAD_ANE,ANE_OPE
RAD_ISO,ISO_ISO,ISO_CAN,CAN_CAN,CAN_RAD,RAD_LAB,LAB_CAN,CAN_LAB,LAB_LAB,CAN_URL,URL_LAB,LAB_MEI,MEI_CAN,URL_CAN,LAB_ISO,LAB_URL,LAB_RAD,CAN_ALA,ALA_LAB,LAB_PNE,PNE_ISO,ISO_LAB,CAN_ISO,RAD_ALA,ALA_CAN,LAB_NER,NER_LAB,CAN_NER,NER_CAN,RAD_ANE,ANE_OPE
RAD_ISO,ISO_ISO,ISO_CAN,CAN_CAN,CAN_RAD,RAD_LAB,LAB_CAN,CAN_LAB,LAB_LAB,CAN_URL,URL_LAB,LAB_MEI,MEI_CAN,URL_CAN,LAB_ISO,LAB_URL,LAB_RAD,CAN_ALA,ALA_LAB,LAB_PNE,PNE_ISO,ISO_LAB,CAN_ISO,RAD_ALA,ALA_CAN,LAB_NER,NER_LAB,CAN_NER,NER_CAN,RAD_ANE,ANE_OPE
RAD_ISO,ISO_ISO,ISO_CAN,CAN_CAN,CAN_RAD,RAD_LAB,LAB_CAN,CAN_LAB,LAB_LAB,CAN_URL,URL_LAB,LAB_MEI,MEI_CAN,URL_CAN,LAB_ISO,LAB_URL,LAB_RAD,CAN_ALA,ALA_LAB,LAB_PNE,PNE_ISO,ISO_LAB,CAN_ISO,RAD_ALA,ALA_CAN,LAB_NER,NER_LAB,CAN_NER,NER_CAN,RAD_ANE,ANE_OPE
RAD_ISO,ISO_ISO,ISO_CAN,CAN_CAN,CAN_RAD,RAD_LAB,LAB_CAN,CAN_LAB,LAB_LAB,CAN_URL,URL_LAB,LAB_MEI,MEI_CAN,URL_CAN,LAB_ISO,LAB_URL,LAB_RAD,CAN_ALA,ALA_LAB,LAB_PNE,PNE_ISO,ISO_LAB,CAN_ISO,RAD_ALA,ALA_CAN,LAB_NER,NER_LAB,CAN_NER,NER_CAN,RAD_ANE,ANE_OPE
RAD_ISO,ISO_ISO,ISO_CAN,CAN_CAN,CAN_RAD,RAD_LAB,LAB_CAN,CAN_LAB,LAB_LAB,CAN_URL,URL_LAB,LAB_MEI,MEI_CAN,URL_CAN,LAB_ISO,LAB_URL,LAB_RAD,CAN_ALA,ALA_LAB,LAB_PNE,PNE_ISO,ISO_LAB,CAN_ISO,RAD_ALA,ALA_CAN,LAB_NER,NER_LAB,CAN_NER,NER_CAN,RAD_ANE,ANE_OPE
RAD_ISO,ISO_ISO,ISO_CAN,CAN_CAN,CAN_RAD,RAD_LAB,LAB_CAN,CAN_LAB,LAB_LAB,CAN_URL,URL_LAB,LAB_MEI,MEI_CAN,URL_CAN,LAB_ISO,LAB_URL,LAB_RAD,CAN_ALA,ALA_LAB,LAB_PNE,PNE_ISO,ISO_LAB,CAN_ISO,RAD_ALA,ALA_CAN,LAB_NER,NER_LAB,CAN_NER,NER_CAN,RAD_ANE,ANE_OPE
RAD_ISO,ISO_ISO,ISO_CAN,CAN_CAN,CAN_RAD,RAD_LAB,LAB_CAN,CAN_LAB,LAB_LAB,CAN_URL,URL_LAB,LAB_MEI,MEI_CAN,URL_CAN,LAB_ISO,LAB_URL,LAB_RAD,CAN_ALA,ALA_LAB,LAB_PNE,PNE_ISO,ISO_LAB,CAN_ISO,RAD_ALA,ALA_CAN,LAB_NER,NER_LAB,CAN_NER,NER_CAN,RAD_ANE,ANE_OPE
RAD_ISO,ISO_ISO,ISO_CAN,CAN_CAN,CAN_RAD,RAD_LAB,LAB_CAN,CAN_LAB,LAB_LAB,CAN_URL,URL_LAB,LAB_MEI,MEI_CAN,URL_CAN,LAB_ISO,LAB_URL,LAB_RAD,CAN_ALA,ALA_LAB,LAB_PNE,PNE_ISO,ISO_LAB,CAN_ISO,RAD_ALA,ALA_CAN,LAB_NER,NER_LAB,CAN_NER,NER_CAN,RAD_ANE,ANE_OPE
RAD_ISO,ISO_ISO,ISO_CAN,CAN_CAN,CAN_RAD,RAD_LAB,LAB_CAN,CAN_LAB,LAB_LAB,CAN_URL,URL_LAB,LAB_MEI,MEI_CAN,URL_CAN,LAB_ISO,LAB_URL,LAB_RAD,CAN_ALA,ALA_LAB,LAB_PNE,PNE_ISO,ISO_LAB,CAN_ISO,RAD_ALA,ALA_CAN,LAB_NER,NER_LAB,CAN_NER,NER_CAN,RAD_ANE,ANE_OPE